ID,NEO_SampleNo,NEO_Date,NEO.CR,Behav_Date,DateDiff,Month,Rank,RelRank,TotalObservedTime,Total.GR,Total.GR.Rec,Total.GR.Given,FreqTotalGR,FreqGRRec,FreqGRGiven,ProxAll,Scansperday,FreqAllProx,TotalGRAF,TotalGrAM,TotalGrJuv,FreqGRAF,FreqTotalGrAM,FreqTotalGrJuv,GrRecAF,GrRecAM,GrRecJuv,FreqGrRecAF,FreqGrRecAM,FreqGrRecJuv,TimeSpentCop,TimeSpentConsort,FreqTimeSpentCop,FreqTimeSpentConsort
0G8,117,2/20/15,133.85384,2/20/15,0,2,27,0.519230769,1:00:38,0:02:18,0:01:54,0:00:24,0.03793293,0.031335899,0.006597031,36,14,2.571428571,0:00:00,0:00:00,0:00:00,0,0,0,0:00:00,0:00:00,0:01:54,0,0,0.031335899,0:00:00,0:00:00,0,0
0G8,148,2/26/15,161.11960,2/26/15,0,2,27,0.519230769,0:30:10,0:03:09,0:03:09,0:00:00,0.10441989,0.10441989,0,6,7,0.857142857,0:00:00,0:00:00,0:03:09,0,0,0.10441989,0:00:00,0:00:00,0:03:09,0,0,0.10441989,0:00:00,0:00:00,0,0
0G8,217,3/18/15,137.04574,3/18/15,0,3,27,0.519230769,1:00:08,0:00:00,0:00:00,0:00:00,0,0,0,6,14,0.428571429,0:00:00,0:00:00,0:00:00,0,0,0,0:00:00,0:00:00,0:00:00,0,0,0,0:00:00,0:00:00,0,0
0G8,160,3/2/15,145.85689,3/2/15,0,3,27,0.519230769,0:30:12,0:00:00,0:00:00,0:00:00,0,0,0,17,7,2.428571429,0:00:00,0:00:00,0:00:00,0,0,0,0:00:00,0:00:00,0:00:00,0,0,0,0:00:00,0:00:00,0,0
0G8,247,3/24/15,133.49251,3/23/15,-1,3,27,0.519230769,0:30:17,0:00:00,0:00:00,0:00:00,0,0,0,6,6,1,0:00:00,0:00:00,0:00:00,0,0,0,0:00:00,0:00:00,0:00:00,0,0,0,0:00:00,0:00:00,0,0
0G8,274,4/1/15,121.05625,4/1/15,0,4,27,0.519230769,1:31:01,0:00:00,0:00:00,0:00:00,0,0,0,40,21,1.904761905,0:00:00,0:00:00,0:00:00,0,0,0,0:00:00,0:00:00,0:00:00,0,0,0,0:00:00,0:00:00,0,0
0G8,354,4/17/15,112.21269,4/17/15,0,4,27,0.519230769,0:28:34,0:00:00,0:00:00,0:00:00,0,0,0,12,5,2.4,0:00:00,0:00:00,0:00:00,0,0,0,0:00:00,0:00:00,0:00:00,0,0,0,0:00:00,0:00:00,0,0
0G8,310,4/8/15,144.76238,4/8/15,0,4,27,0.519230769,0:30:21,0:00:00,0:00:00,0:00:00,0,0,0,21,7,3,0:00:00,0:00:00,0:00:00,0,0,0,0:00:00,0:00:00,0:00:00,0,0,0,0:00:00,0:00:00,0,0
0J0,16,1/19/15,103.67879,1/19/15,0,1,20,0.384615385,0:45:06,0:03:47,0:03:47,0:00:00,0.083887657,0.083887657,0,9,10,0.9,0:00:33,0:00:00,0:00:00,0.012195122,0,0,0:00:33,0:00:00,0:03:14,0.012195122,0,0.071692535,0:00:00,0:00:00,0,0
0J0,25,1/20/15,204.12984,1/20/15,0,1,20,0.384615385,0:29:43,0:09:11,0:09:11,0:00:00,0.309029725,0.309029725,0,9,7,1.285714286,0:00:00,0:00:00,0:00:00,0,0,0,0:00:00,0:00:00,0:09:11,0,0,0.309029725,0:00:09,0:00:00,0.005048,0
0J0,57,1/30/15,305.17556,1/29/15,-1,1,20,0.384615385,0:30:53,0:04:52,0:04:52,0:00:00,0.157582299,0.157582299,0,7,7,1,0:04:52,0:00:00,0:00:00,0.157582299,0,0,0:04:52,0:00:00,0:00:00,0.157582298,0,0,0:00:00,0:00:00,0,0
0J0,99,2/17/15,139.43181,2/17/15,0,2,20,0.384615385,0:20:54,0:00:00,0:00:00,0:00:00,0,0,0,2,4,0.5,0:00:00,0:00:00,0:00:00,0,0,0,0:00:00,0:00:00,0:00:00,0,0,0,0:00:00,0:00:00,0,0
0J0,121,2/23/15,150.82280,2/23/15,0,2,20,0.384615385,0:56:19,0:06:00,0:05:54,0:00:06,0.106540397,0.104764723,0.001775673,51,13,3.923076923,0:06:00,0:00:00,0:00:00,0.106540397,0,0,0:05:54,0:00:00,0:00:00,0.104764723,0,0,0:00:06,0:00:00,0.001776,0
0J0,145,2/25/15,125.71099,2/25/15,0,2,20,0.384615385,1:00:55,0:07:12,0:07:12,0:00:00,0.118194254,0.118194254,0,27,12,2.25,0:07:12,0:00:00,0:00:00,0.118194254,0,0,0:07:12,0:00:00,0:00:00,0.118194254,0,0,0:00:00,0:00:00,0,0
0J0,80,2/9/15,228.73003,2/9/15,0,2,20,0.384615385,0:30:17,0:03:21,0:03:21,0:00:00,0.110621904,0.110621904,0,13,6,2.166666667,0:03:21,0:00:00,0:00:00,0.110621904,0,0,0:03:21,0:00:00,0:00:00,0.110621904,0,0,0:00:00,0:00:00,0,0
0J0,229,3/19/15,131.14202,3/18/15,-1,3,20,0.384615385,0:30:23,0:08:52,0:08:52,0:00:00,0.291826659,0.291826659,0,21,7,3,0:00:00,0:00:00,0:00:00,0,0,0,0:00:00,0:00:00,0:08:52,0,0,0.291826659,0:00:00,0:00:00,0,0
0J0,231,3/20/15,259.55813,3/20/15,0,3,20,0.384615385,0:30:00,0:14:40,0:14:40,0:00:00,0.488888889,0.488888889,0,6,7,0.857142857,0:12:08,0:00:00,0:00:00,0.404444444,0,0,0:12:08,0:00:00,0:02:32,0.404444445,0,0.084444444,0:00:00,0:00:00,0,0
0J0,246,3/24/15,121.97866,3/24/15,0,3,20,0.384615385,1:02:01,0:00:00,0:00:00,0:00:00,0,0,0,128,14,9.142857143,0:00:00,0:00:00,0:00:00,0,0,0,0:00:00,0:00:00,0:00:00,0,0,0,0:00:00,0:00:00,0,0
0J0,172,3/4/15,153.36129,3/3/15,-1,3,20,0.384615385,0:30:42,0:00:00,0:00:00,0:00:00,0,0,0,9,6,1.5,0:00:00,0:00:00,0:00:00,0,0,0,0:00:00,0:00:00,0:00:00,0,0,0,0:00:05,0:00:00,0.002714,0
0J0,270,3/30/15,250.22024,3/30/15,0,3,20,0.384615385,0:30:13,0:01:13,0:01:13,0:00:00,0.040264755,0.040264755,0,13,7,1.857142857,0:01:13,0:00:00,0:00:00,0.040264755,0,0,0:01:13,0:00:00,0:00:00,0.040264755,0,0,0:00:00,0:00:00,0,0
0J0,270,3/30/15,250.22024,4/1/15,2,4,20,0.384615385,1:01:31,0:00:00,0:00:00,0:00:00,0,0,0,69,14,4.928571429,0:00:00,0:00:00,0:00:00,0,0,0,0:00:00,0:00:00,0:00:00,0,0,0,0:00:00,0:00:00,0,0
0J0,324,4/13/15,354.56440,4/13/15,0,4,20,0.384615385,0:30:00,0:03:06,0:03:06,0:00:00,0.103333333,0.103333333,0,2,7,0.285714286,0:00:00,0:00:00,0:00:00,0,0,0,0:00:00,0:00:00,0:03:06,0,0,0.103333333,0:00:11,0:00:00,0.006111,0
0J0,344,4/16/15,141.82576,4/16/15,0,4,20,0.384615385,0:30:57,0:02:02,0:00:00,0:02:02,0.065697361,0,0.065697361,19,7,2.714285714,0:02:02,0:00:00,0:00:00,0.065697361,0,0,0:00:00,0:00:00,0:00:00,0,0,0,0:00:00,0:24:53,0,0.803985
0J0,393,4/23/15,212.11255,4/23/15,0,4,20,0.384615385,0:30:24,0:00:00,0:00:00,0:00:00,0,0,0,64,7,9.142857143,0:00:00,0:00:00,0:00:00,0,0,0,0:00:00,0:00:00,0:00:00,0,0,0,0:00:00,0:00:00,0,0
0J0,293,4/6/15,444.06216,4/6/15,0,4,20,0.384615385,0:52:14,0:01:44,0:01:44,0:00:00,0.033184429,0.033184429,0,20,12,1.666666667,0:00:00,0:00:00,0:00:00,0,0,0,0:00:00,0:00:00,0:01:44,0,0,0.033184429,0:00:00,0:00:00,0,0
0J0,306,4/7/15,257.80824,4/8/15,1,4,20,0.384615385,0:30:03,0:00:00,0:00:00,0:00:00,0,0,0,9,7,1.285714286,0:00:00,0:00:00,0:00:00,0,0,0,0:00:00,0:00:00,0:00:00,0,0,0,0:00:00,0:00:00,0,0
0J1,86,2/11/15,351.03648,2/11/15,0,2,18,0.346153846,0:30:33,0:00:00,0:00:00,0:00:00,0,0,0,42,7,6,0:00:00,0:00:00,0:00:00,0,0,0,0:00:00,0:00:00,0:00:00,0,0,0,0:00:09,0:00:00,0.00491,0
0J1,88,2/16/15,183.43595,2/16/15,0,2,18,0.346153846,1:00:34,0:07:27,0:07:27,0:00:00,0.123004953,0.123004953,0,41,14,2.928571429,0:07:27,0:00:00,0:00:00,0.123004953,0,0,0:07:27,0:00:00,0:00:00,0.123004953,0,0,0:00:36,0:00:00,0.009906,0
0J1,98,2/17/15,193.79928,2/17/15,0,2,18,0.346153846,0:29:39,0:08:49,0:07:38,0:01:11,0.297358066,0.257448005,0.039910062,19,7,2.714285714,0:00:00,0:00:00,0:00:00,0,0,0,0:00:00,0:00:00,0:07:38,0,0,0.257448004,0:00:00,0:00:00,0,0
0J1,106,2/18/15,364.27040,2/18/15,0,2,18,0.346153846,0:30:31,0:02:46,0:02:46,0:00:00,0.090660841,0.090660841,0,20,7,2.857142857,0:02:46,0:00:00,0:00:00,0.090660841,0,0,0:02:46,0:00:00,0:00:00,0.090660841,0,0,0:00:00,0:00:00,0,0
0J1,123,2/23/15,363.37817,2/23/15,0,2,18,0.346153846,0:26:02,0:05:13,0:05:13,0:00:00,0.200384123,0.200384123,0,7,6,1.166666667,0:00:00,0:00:00,0:00:00,0,0,0,0:00:00,0:00:00,0:05:13,0,0,0.200384123,0:00:15,0:00:00,0.009603,0
0J1,142,2/25/15,235.39604,2/25/15,0,2,18,0.346153846,0:30:58,0:03:23,0:03:23,0:00:00,0.109257266,0.109257266,0,20,7,2.857142857,0:00:00,0:00:00,0:00:00,0,0,0,0:00:00,0:00:00,0:03:23,0,0,0.109257266,0:00:00,0:00:00,0,0
0J1,71,2/5/15,211.73850,2/5/15,0,2,18,0.346153846,0:15:32,0:00:00,0:00:00,0:00:00,0,0,0,14,3,4.666666667,0:00:00,0:00:00,0:00:00,0,0,0,0:00:00,0:00:00,0:00:00,0,0,0,0:00:06,0:00:00,0.006438,0
0J1,86,2/11/15,351.03648,2/9/15,-2,2,18,0.346153846,0:30:15,0:11:19,0:11:19,0:00:00,0.374104683,0.374104683,0,29,7,4.142857143,0:00:00,0:00:00,0:00:00,0,0,0,0:00:00,0:00:00,0:04:48,0,0,0.158677686,0:00:00,0:00:00,0,0
0J1,194,3/10/15,38.85173,3/10/15,0,3,18,0.346153846,0:31:42,0:00:00,0:00:00,0:00:00,0,0,0,29,6,4.833333333,0:00:00,0:00:00,0:00:00,0,0,0,0:00:00,0:00:00,0:00:00,0,0,0,0:00:00,0:00:00,0,0
0J1,198,3/11/15,314.43545,3/11/15,0,3,18,0.346153846,1:03:20,0:05:24,0:05:24,0:00:00,0.085263158,0.085263158,0,50,13,3.846153846,0:01:10,0:04:14,0:00:00,0.018421053,0.066842105,0,0:01:10,0:04:14,0:00:00,0.018421053,0.066842105,0,0:00:00,0:16:09,0,0.255
0J1,205,3/16/15,125.61789,3/16/15,0,3,18,0.346153846,1:01:03,0:00:00,0:00:00,0:00:00,0,0,0,168,12,14,0:00:00,0:00:00,0:00:00,0,0,0,0:00:00,0:00:00,0:00:00,0,0,0,0:00:00,0:00:00,0,0
0J1,239,3/23/15,459.98993,3/23/15,0,3,18,0.346153846,1:02:19,0:18:14,0:02:20,0:15:54,0.292591602,0.037443166,0.255148435,68,14,4.857142857,0:18:14,0:00:00,0:00:00,0.292591602,0,0,0:02:20,0:00:00,0:00:00,0.037443166,0,0,0:00:06,0:00:00,0.001605,0
0J1,269,3/30/15,465.03102,3/30/15,0,3,18,0.346153846,0:30:37,0:02:53,0:00:00,0:02:53,0.094175286,0,0.094175286,27,7,3.857142857,0:02:53,0:00:00,0:00:00,0.094175286,0,0,0:00:00,0:00:00,0:00:00,0,0,0,0:00:00,0:00:00,0,0
0J1,170,3/4/15,244.36102,3/4/15,0,3,18,0.346153846,0:31:35,0:00:13,0:00:13,0:00:00,0.006860158,0.006860158,0,10,6,1.666666667,0:00:13,0:00:00,0:00:00,0.006860158,0,0,0:00:13,0:00:00,0:00:00,0.006860158,0,0,0:00:00,0:06:21,0,0.201055
0J1,177,3/5/15,552.82000,3/5/15,0,3,18,0.346153846,1:00:54,0:06:19,0:02:47,0:03:32,0.103721949,0.045703339,0.05801861,47,12,3.916666667,0:00:00,0:00:00,0:00:00,0,0,0,0:00:00,0:00:00,0:02:47,0,0,0.045703339,0:00:00,0:00:00,0,0
0J1,194,3/10/15,38.85173,3/9/15,-1,3,18,0.346153846,0:30:16,0:00:00,0:00:00,0:00:00,0,0,0,56,7,8,0:00:00,0:00:00,0:00:00,0,0,0,0:00:00,0:00:00,0:00:00,0,0,0,0:00:44,0:00:00,0.024229,0
0J1,323,4/13/15,218.28819,4/13/15,0,4,18,0.346153846,1:01:13,0:00:45,0:00:00,0:00:45,0.012251565,0,0.012251565,166,14,11.85714286,0:00:00,0:00:45,0:00:00,0,0.012251565,0,0:00:00,0:00:00,0:00:00,0,0,0,0:00:00,0:00:00,0,0
0J1,338,4/15/15,437.46208,4/15/15,0,4,18,0.346153846,0:30:45,0:07:05,0:07:05,0:00:00,0.230352304,0.230352304,0,83,6,13.83333333,0:00:00,0:00:00,0:05:14,0,0,0.170189702,0:00:00,0:00:00,0:07:05,0,0,0.230352304,0:00:00,0:00:00,0,0
0J1,332,4/14/15,250.49920,4/16/15,2,4,18,0.346153846,0:30:05,0:00:00,0:00:00,0:00:00,0,0,0,28,7,4,0:00:00,0:00:00,0:00:00,0,0,0,0:00:00,0:00:00,0:00:00,0,0,0,0:00:00,0:00:00,0,0
0J1,363,4/20/15,538.64080,4/20/15,0,4,18,0.346153846,1:01:07,0:02:44,0:02:44,0:00:00,0.044723207,0.044723207,0,77,14,5.5,0:00:00,0:00:00,0:00:00,0,0,0,0:00:00,0:00:00,0:02:44,0,0,0.044723207,0:00:03,0:00:00,0.000818,0
0J1,374,4/21/15,297.68529,4/21/15,0,4,18,0.346153846,0:19:44,0:00:10,0:00:00,0:00:10,0.008445946,0,0.008445946,5,4,1.25,0:00:10,0:00:00,0:00:00,0.008445946,0,0,0:00:00,0:00:00,0:00:00,0,0,0,0:00:00,0:00:00,0,0
0J1,389,4/22/15,329.53980,4/22/15,0,4,18,0.346153846,0:30:12,0:04:57,0:04:33,0:00:24,0.163907285,0.150662252,0.013245033,36,7,5.142857143,0:00:24,0:04:33,0:00:00,0.013245033,0.150662252,0,0:00:00,0:04:33,0:00:00,0,0.150662252,0,0:00:00,0:00:00,0,0
0J1,394,4/23/15,334.31607,4/23/15,0,4,18,0.346153846,0:30:31,0:00:00,0:00:00,0:00:00,0,0,0,35,7,5,0:00:00,0:00:00,0:00:00,0,0,0,0:00:00,0:00:00,0:00:00,0,0,0,0:00:00,0:00:00,0,0
0J1,301,4/7/15,300.63280,4/7/15,0,4,18,0.346153846,1:00:38,0:04:11,0:04:11,0:00:00,0.068993953,0.068993953,0,55,13,4.230769231,0:00:00,0:04:11,0:00:00,0,0.068993953,0,0:00:00,0:04:11,0:00:00,0,0.068993953,0,0:00:00,0:00:00,0,0
0J8,101,2/17/15,131.52430,2/18/15,1,2,32,0.615384615,0:31:14,0:07:38,0:05:10,0:02:28,0.244397012,0.165421558,0.078975454,18,7,2.571428571,0:00:50,0:02:28,0:00:00,0.026680896,0.078975454,0,0:00:50,0:00:00,0:04:20,0.026680897,0,0.138740662,0:00:11,0:00:00,0.00587,0
0J8,114,2/19/15,220.42370,2/19/15,0,2,32,0.615384615,0:30:31,0:07:55,0:07:55,0:00:00,0.259421081,0.259421081,0,4,6,0.666666667,0:00:00,0:04:05,0:00:00,0,0.133806663,0,0:00:00,0:04:05,0:03:50,0,0.133806663,0.125614418,0:00:00,0:00:00,0,0
0J8,146,2/26/15,109.60085,2/26/15,0,2,32,0.615384615,1:00:51,0:00:00,0:00:00,0:00:00,0,0,0,17,14,1.214285714,0:00:00,0:00:00,0:00:00,0,0,0,0:00:00,0:00:00,0:00:00,0,0,0,0:00:00,0:00:00,0,0
0J8,157,3/2/15,165.42677,3/2/15,0,3,32,0.615384615,0:31:13,0:09:54,0:09:54,0:00:00,0.317138281,0.317138281,0,11,7,1.571428571,0:00:00,0:00:00,0:08:40,0,0,0.277629471,0:00:00,0:00:00,0:09:54,0,0,0.317138281,0:00:36,0:00:00,0.019221,0
0J8,265,3/28/15,140.14295,3/28/15,0,3,32,0.615384615,0:36:05,0:04:08,0:00:00,0:04:08,0.114549654,0,0.114549654,4,7,0.571428571,0:00:00,0:04:08,0:00:00,0,0.114549654,0,0:00:00,0:00:00,0:00:00,0,0,0,0:00:00,0:00:00,0,0
0J8,171,3/4/15,348.30942,3/4/15,0,3,32,0.615384615,0:30:01,0:00:00,0:00:00,0:00:00,0,0,0,5,7,0.714285714,0:00:00,0:00:00,0:00:00,0,0,0,0:00:00,0:00:00,0:00:00,0,0,0,0:00:00,0:00:00,0,0
0J8,330,4/14/15,360.16089,4/14/15,0,4,32,0.615384615,0:30:26,0:04:23,0:03:08,0:01:15,0.144030668,0.102957284,0.041073384,18,7,2.571428571,0:00:00,0:00:00,0:01:15,0,0,0.041073384,0:00:00,0:00:00,0:03:08,0,0,0.102957284,0:00:00,0:00:00,0,0
0J8,396,4/23/15,262.56840,4/23/15,0,4,32,0.615384615,0:45:30,0:19:28,0:16:18,0:03:10,0.427838828,0.358241758,0.06959707,20,9,2.222222222,0:03:24,0:12:18,0:00:00,0.074725275,0.27032967,0,0:00:00,0:10:50,0:05:28,0,0.238095238,0.12014652,0:00:00,0:00:00,0,0
0J8,316,4/8/15,122.76449,4/8/15,0,4,32,0.615384615,1:00:23,0:11:26,0:01:32,0:09:54,0.189345846,0.02539332,0.163952526,5,13,0.384615385,0:00:00,0:11:26,0:00:00,0,0.189345846,0,0:00:00,0:01:32,0:00:00,0,0.02539332,0,0:00:00,0:00:00,0,0
1E5,94,2/17/15,225.85440,2/17/15,0,2,25,0.480769231,1:00:36,0:00:00,0:00:00,0:00:00,0,0,0,6,14,0.428571429,0:00:00,0:00:00,0:00:00,0,0,0,0:00:00,0:00:00,0:00:00,0,0,0,0:00:00,0:00:00,0,0
1E5,151,2/27/15,275.32787,2/27/15,0,2,25,0.480769231,1:00:44,0:00:11,0:00:11,0:00:00,0.003018661,0.003018661,0,1,14,0.071428571,0:00:00,0:00:00,0:00:00,0,0,0,0:00:00,0:00:00,0:00:11,0,0,0.003018661,0:00:00,0:00:00,0,0
1E5,65,2/3/15,194.10836,2/3/15,0,2,25,0.480769231,0:29:49,0:00:00,0:00:00,0:00:00,0,0,0,1,6,0.166666667,0:00:00,0:00:00,0:00:00,0,0,0,0:00:00,0:00:00,0:00:00,0,0,0,0:00:00,0:00:00,0,0
1E5,83,2/9/15,195.79450,2/9/15,0,2,25,0.480769231,0:30:26,0:14:03,0:14:01,0:00:02,0.461664841,0.460569551,0.00109529,5,7,0.714285714,0:09:02,0:00:00,0:00:00,0.296823658,0,0,0:09:02,0:00:00,0:04:59,0.296823658,0,0.163745893,0:00:00,0:16:59,0,0.55805
1E5,221,3/18/15,145.50808,3/18/15,0,3,25,0.480769231,0:30:34,0:01:43,0:01:43,0:00:00,0.056161396,0.056161396,0,10,7,1.428571429,0:01:43,0:00:00,0:00:00,0.056161396,0,0,0:01:43,0:00:00,0:00:00,0.056161396,0,0,0:00:00,0:00:00,0,0
1E5,249,3/24/15,358.59321,3/24/15,0,3,25,0.480769231,0:31:22,0:02:34,0:02:34,0:00:00,0.081827843,0.081827843,0,74,7,10.57142857,0:00:00,0:00:00,0:00:00,0,0,0,0:00:00,0:00:00,0:02:34,0,0,0.081827843,0:00:00,0:00:00,0,0
1E5,328,4/14/15,506.45958,4/14/15,0,4,25,0.480769231,0:30:31,0:10:31,0:10:23,0:00:00,0.344620426,0.34025123,0,19,7,2.714285714,0:01:22,0:04:21,0:00:00,0.044784271,0.142545057,0,0:01:22,0:04:21,0:04:40,0.044784271,0.142545057,0.152921901,0:00:00,0:00:00,0,0
1E5,361,4/20/15,317.44877,4/20/15,0,4,25,0.480769231,1:00:45,0:00:00,0:00:00,0:00:00,0,0,0,79,14,5.642857143,0:00:00,0:00:00,0:00:00,0,0,0,0:00:00,0:00:00,0:00:00,0,0,0,0:00:00,0:00:00,0,0
1E5,299,4/6/15,256.90062,4/6/15,0,4,25,0.480769231,0:27:06,0:00:00,0:00:00,0:00:00,0,0,0,0,5,0,0:00:00,0:00:00,0:00:00,0,0,0,0:00:00,0:00:00,0:00:00,0,0,0,0:00:00,0:00:00,0,0
1E5,309,4/7/15,196.98357,4/7/15,0,4,25,0.480769231,1:30:42,0:28:39,0:13:15,0:00:37,0.315876516,0.146085998,0.006798971,22,19,1.157894737,0:12:52,0:00:00,0:00:00,0.14185961,0,0,0:27:08,0:00:00,0:00:54,0.299154723,0,0.009922822,0:00:23,0:10:44,0.004226,0.118339
2J9,135,2/24/15,183.03741,2/24/15,0,2,29,0.557692308,1:01:04,0:00:00,0:00:00,0:00:00,0,0,0,35,14,2.5,0:00:00,0:00:00,0:00:00,0,0,0,0:00:00,0:00:00,0:00:00,0,0,0,0:00:43,0:00:00,0.011736,0
2J9,233,3/20/15,179.23895,3/20/15,0,3,29,0.557692308,0:31:12,0:07:43,0:07:43,0:00:00,0.24732906,0.24732906,0,92,7,13.14285714,0:00:00,0:00:00,0:00:00,0,0,0,0:00:00,0:00:00,0:07:43,0,0,0.24732906,0:00:00,0:00:00,0,0
2J9,236,3/23/15,223.09621,3/23/15,0,3,29,0.557692308,0:31:28,0:00:00,0:00:00,0:00:00,0,0,0,18,7,2.571428571,0:00:00,0:00:00,0:00:00,0,0,0,0:00:00,0:00:00,0:00:00,0,0,0,0:00:00,0:00:00,0,0
2J9,165,3/3/15,509.30336,3/4/15,1,3,29,0.557692308,1:01:14,0:00:00,0:00:00,0:00:00,0,0,0,44,14,3.142857143,0:00:00,0:00:00,0:00:00,0,0,0,0:00:00,0:00:00,0:00:00,0,0,0,0:00:00,0:00:00,0,0
2J9,281,4/1/15,378.66536,4/1/15,0,4,29,0.557692308,0:30:45,0:08:30,0:00:00,0:08:30,0.276422764,0,0.276422764,35,7,5,0:00:00,0:00:00,0:08:30,0,0,0.276422764,0:00:00,0:00:00,0:00:00,0,0,0,0:00:00,0:00:00,0,0
2J9,352,4/16/15,334.45986,4/15/15,-1,4,29,0.557692308,0:30:27,0:15:04,0:09:06,0:05:58,0.494800219,0.298850575,0.195949644,18,7,2.571428571,0:00:00,0:00:00,0:09:14,0,0,0.303229338,0:00:00,0:00:00,0:09:06,0,0,0.298850575,0:00:00,0:00:00,0,0
2J9,360,4/20/15,147.41158,4/20/15,0,4,29,0.557692308,0:30:30,0:00:00,0:00:00,0:00:00,0,0,0,51,6,8.5,0:00:00,0:00:00,0:00:00,0,0,0,0:00:00,0:00:00,0:00:00,0,0,0,0:00:04,0:00:00,0.002186,0
2J9,378,4/21/15,485.60163,4/21/15,0,4,29,0.557692308,1:00:49,0:00:00,0:00:00,0:00:00,0,0,0,35,14,2.5,0:00:00,0:00:00,0:00:00,0,0,0,0:00:00,0:00:00,0:00:00,0,0,0,0:00:00,0:00:00,0,0
2J9,318,4/9/15,228.08799,4/9/15,0,4,29,0.557692308,1:00:33,0:10:01,0:00:00,0:10:01,0.165428021,0,0.165428021,49,14,3.5,0:03:18,0:00:00,0:00:00,0.054500413,0,0,0:00:00,0:00:00,0:00:00,0,0,0,0:00:04,0:00:00,0.001101,0
3I2,102,2/18/15,112.57272,2/18/15,0,2,14,0.269230769,0:30:19,0:07:38,0:07:20,0:00:18,0.251786696,0.241891149,0.009895547,16,7,2.285714286,0:07:38,0:00:00,0:00:00,0.251786696,0,0,0:07:20,0:00:00,0:00:00,0.241891149,0,0,0:00:00,0:00:00,0,0
3I2,63,2/3/15,97.19740,2/2/15,-1,2,14,0.269230769,0:30:43,0:00:02,0:00:02,0:00:00,0.001085187,0.001085187,0,18,7,2.571428571,0:00:02,0:00:00,0:00:00,0.001085187,0,0,0:00:02,0:00:00,0:00:00,0.001085187,0,0,0:00:00,0:00:00,0,0
3I2,132,2/24/15,95.40576,2/24/15,0,2,14,0.269230769,0:30:22,0:03:37,0:03:37,0:00:00,0.11909989,0.11909989,0,15,7,2.142857143,0:00:00,0:00:00,0:03:37,0,0,0.11909989,0:00:00,0:00:00,0:03:37,0,0,0.11909989,0:00:51,0:00:00,0.027991,0
3I2,81,2/9/15,100.55657,2/9/15,0,2,14,0.269230769,0:35:52,0:01:31,0:01:31,0:00:00,0.042286245,0.042286245,0,19,6,3.166666667,0:00:00,0:00:00,0:01:31,0,0,0.042286245,0:00:00,0:00:00,0:01:31,0,0,0.042286245,0:00:00,0:00:00,0,0
3I2,192,3/10/15,224.69691,3/10/15,0,3,14,0.269230769,0:30:27,0:00:19,0:00:19,0:00:00,0.010399562,0.010399562,0,37,7,5.285714286,0:00:19,0:00:00,0:00:00,0.010399562,0,0,0:00:19,0:00:00,0:00:00,0.010399562,0,0,0:00:00,0:00:00,0,0
3I2,206,3/16/15,177.99960,3/16/15,0,3,14,0.269230769,1:00:45,0:03:30,0:03:30,0:00:00,0.057613169,0.057613169,0,174,13,13.38461538,0:03:30,0:00:00,0:00:00,0.057613169,0,0,0:03:30,0:00:00,0:00:00,0.057613169,0,0,0:00:28,0:00:00,0.007682,0
3I2,156,3/2/15,101.37378,3/2/15,0,3,14,0.269230769,0:30:32,0:00:00,0:00:00,0:00:00,0,0,0,57,7,8.142857143,0:00:00,0:00:00,0:00:00,0,0,0,0:00:00,0:00:00,0:00:00,0,0,0,0:00:00,0:00:00,0,0
3I2,242,3/23/15,106.76600,3/23/15,0,3,14,0.269230769,0:30:00,0:00:00,0:00:00,0:00:00,0,0,0,51,5,10.2,0:00:00,0:00:00,0:00:00,0,0,0,0:00:00,0:00:00,0:00:00,0,0,0,0:00:00,0:00:00,0,0
3I2,252,3/24/15,148.03519,3/24/15,0,3,14,0.269230769,0:29:53,0:15:59,0:15:20,0:00:39,0.53485778,0.513106525,0.021751255,43,8,5.375,0:00:00,0:00:00,0:00:00,0,0,0,0:00:00,0:00:00,0:15:20,0,0,0.513106525,0:00:00,0:00:00,0,0
3I2,164,3/3/15,120.35440,3/3/15,0,3,14,0.269230769,0:30:34,0:01:08,0:01:08,0:00:00,0.037077426,0.037077426,0,13,7,1.857142857,0:00:00,0:00:00,0:00:00,0,0,0,0:00:00,0:00:00,0:01:08,0,0,0.037077426,0:00:00,0:00:00,0,0
3I2,186,3/9/15,260.68749,3/9/15,0,3,14,0.269230769,0:20:51,0:00:00,0:00:00,0:00:00,0,0,0,19,5,3.8,0:00:00,0:00:00,0:00:00,0,0,0,0:00:00,0:00:00,0:00:00,0,0,0,0:00:00,0:00:00,0,0
3I2,276,4/1/15,145.80703,4/1/15,0,4,14,0.269230769,0:30:33,0:09:36,0:02:50,0:06:46,0.314238953,0.092744135,0.221494817,38,7,5.428571429,0:00:00,0:00:00,0:00:00,0,0,0,0:00:00,0:00:00,0:02:50,0,0,0.092744135,0:00:00,0:00:00,0,0
3I2,337,4/15/15,228.74811,4/15/15,0,4,14,0.269230769,0:30:09,0:03:08,0:03:08,0:00:00,0.10392482,0.10392482,0,12,7,1.714285714,0:03:08,0:00:00,0:00:00,0.10392482,0,0,0:03:08,0:00:00,0:00:00,0.10392482,0,0,0:00:58,0:28:47,0.032062,0.954671
3I2,345,4/16/15,326.56470,4/16/15,0,4,14,0.269230769,0:30:25,0:00:00,0:00:00,0:00:00,0,0,0,30,7,4.285714286,0:00:00,0:00:00,0:00:00,0,0,0,0:00:00,0:00:00,0:00:00,0,0,0,0:00:00,0:00:00,0,0
3I2,395,4/23/15,188.59034,4/21/15,-2,4,14,0.269230769,0:30:37,0:08:26,0:06:04,0:02:22,0.275449102,0.198149156,0.077299946,33,7,4.714285714,0:04:09,0:00:00,0:00:00,0.135547088,0,0,0:01:47,0:00:00,0:04:17,0.058247142,0,0.139902014,0:00:00,0:00:00,0,0
3I2,387,4/22/15,189.53829,4/22/15,0,4,14,0.269230769,1:00:16,0:11:10,0:10:41,0:00:29,0.185287611,0.177267699,0.008019912,36,13,2.769230769,0:00:00,0:10:39,0:00:31,0,0.176714602,0.008573009,0:00:00,0:10:23,0:00:18,0,0.172289823,0.004977876,0:00:00,0:00:00,0,0
3I2,285,4/2/15,173.10440,4/3/15,1,4,14,0.269230769,1:00:43,0:10:38,0:10:38,0:00:00,0.175130387,0.175130387,0,60,14,4.285714286,0:00:00,0:00:00,0:00:00,0,0,0,0:00:00,0:00:00,0:10:38,0,0,0.175130387,0:00:00,0:00:00,0,0
3I2,290,4/6/15,338.32584,4/6/15,0,4,14,0.269230769,0:30:53,0:00:00,0:00:00,0:00:00,0,0,0,180,7,25.71428571,0:00:00,0:00:00,0:00:00,0,0,0,0:00:00,0:00:00,0:00:00,0,0,0,0:00:00,0:00:00,0,0
3I2,304,4/7/15,141.86796,4/7/15,0,4,14,0.269230769,1:00:16,0:14:23,0:03:24,0:10:59,0.238661504,0.056415929,0.182245575,74,14,5.285714286,0:03:04,0:06:00,0:00:00,0.050884956,0.099557522,0,0:00:00,0:00:00,0:03:24,0,0,0.056415929,0:00:00,0:00:00,0,0
3I2,322,4/9/15,208.18005,4/9/15,0,4,14,0.269230769,0:30:27,0:00:00,0:00:00,0:00:00,0,0,0,21,7,3,0:00:00,0:00:00,0:00:00,0,0,0,0:00:00,0:00:00,0:00:00,0,0,0,0:00:00,0:00:00,0,0
3I3,15,1/16/15,191.01596,1/16/15,0,1,12,0.230769231,0:45:38,0:12:34,0:12:34,0:00:00,0.275383492,0.275383492,0,26,10,2.6,0:00:00,0:03:03,0:00:00,0,0.066837107,0,0:00:00,0:03:03,0:09:31,0,0.066837107,0.208546384,0:00:00,0:00:00,0,0
3I3,19,1/19/15,272.19269,1/21/15,2,1,12,0.230769231,0:30:19,0:10:46,0:03:18,0:07:28,0.355140187,0.108851017,0.24628917,16,7,2.285714286,0:09:06,0:00:00,0:00:00,0.300164926,0,0,0:03:18,0:00:00,0:00:00,0.108851017,0,0,0:00:19,0:00:00,0.010445,0
3I3,97,2/17/15,247.60385,2/17/15,0,2,12,0.230769231,0:30:53,0:00:13,0:00:13,0:00:00,0.00701565,0.00701565,0,33,7,4.714285714,0:00:13,0:00:00,0:00:00,0.00701565,0,0,0:00:13,0:00:00,0:00:00,0.00701565,0,0,0:00:12,0:00:00,0.006476,0
3I3,154,2/27/15,283.83987,2/26/15,-1,2,12,0.230769231,0:30:52,0:01:52,0:01:52,0:00:00,0.060475162,0.060475162,0,81,7,11.57142857,0:01:52,0:00:00,0:00:00,0.060475162,0,0,0:01:52,0:00:00,0:00:00,0.060475162,0,0,0:00:00,0:00:00,0,0
3I3,72,2/5/15,154.69871,2/5/15,0,2,12,0.230769231,0:30:12,0:02:56,0:02:06,0:00:50,0.097130243,0.069536424,0.027593819,23,7,3.285714286,0:02:56,0:00:00,0:00:00,0.097130243,0,0,0:02:06,0:00:00,0:00:00,0.069536424,0,0,0:02:18,0:00:00,0.076159,0
3I3,84,2/9/15,349.62991,2/9/15,0,2,12,0.230769231,1:01:39,0:18:10,0:17:23,0:00:47,0.294674236,0.2819681,0.012706137,43,13,3.307692308,0:18:10,0:00:00,0:00:00,0.294674236,0,0,0:17:23,0:00:00,0:00:00,0.2819681,0,0,0:00:02,0:00:00,0.000541,0
3I3,203,3/13/15,239.76030,3/13/15,0,3,12,0.230769231,0:30:16,0:00:00,0:00:00,0:00:00,0,0,0,19,7,2.714285714,0:00:00,0:00:00,0:00:00,0,0,0,0:00:00,0:00:00,0:00:00,0,0,0,0:00:00,0:18:13,0,0.601872
3I3,214,3/17/15,149.38800,3/17/15,0,3,12,0.230769231,1:34:46,0:33:27,0:22:54,0:10:33,0.352972212,0.241646149,0.111326064,116,19,6.105263158,0:33:27,0:00:00,0:00:00,0.352972212,0,0,0:22:54,0:00:00,0:00:00,0.241646149,0,0,0:00:46,1:01:50,0.00809,0.65248
3I3,273,4/1/15,173.56340,4/1/15,0,4,12,0.230769231,1:01:04,0:00:00,0:00:00,0:00:00,0,0,0,141,14,10.07142857,0:00:00,0:00:00,0:00:00,0,0,0,0:00:00,0:00:00,0:00:00,0,0,0,0:00:00,0:00:00,0,0
3I3,350,4/16/15,262.83261,4/16/15,0,4,12,0.230769231,1:00:55,0:18:31,0:06:09,0:12:22,0.303967168,0.100957592,0.203009576,49,14,3.5,0:18:31,0:00:00,0:00:00,0.303967168,0,0,0:06:09,0:00:00,0:00:00,0.100957592,0,0,0:00:07,0:29:39,0.001915,0.486731
3I3,273,4/1/15,173.56340,4/2/15,1,4,12,0.230769231,0:30:04,0:00:00,0:00:00,0:00:00,0,0,0,33,7,4.714285714,0:00:00,0:00:00,0:00:00,0,0,0,0:00:00,0:00:00,0:00:00,0,0,0,0:00:03,0:00:00,0.001663,0
3I3,367,4/20/15,326.33595,4/20/15,0,4,12,0.230769231,0:30:05,0:03:39,0:01:48,0:01:51,0.12132964,0.059833795,0.061495845,47,7,6.714285714,0:03:23,0:00:00,0:00:00,0.112465374,0,0,0:01:36,0:00:00,0:00:12,0.053185595,0,0.006648199,0:00:00,0:00:00,0,0
3I3,303,4/7/15,351.28578,4/6/15,-1,4,12,0.230769231,1:00:52,0:14:02,0:08:30,0:05:32,0.230558598,0.139649507,0.090909091,73,13,5.615384615,0:14:02,0:00:00,0:00:00,0.230558598,0,0,0:08:30,0:00:00,0:00:00,0.139649507,0,0,0:00:00,0:18:00,0,0.295728
3I5,24,1/20/15,228.22815,1/20/15,0,1,13,0.25,0:46:11,0:06:44,0:06:44,0:00:00,0.145795742,0.145795742,0,33,10,3.3,0:02:49,0:00:00,0:00:00,0.060988813,0,0,0:02:49,0:00:00,0:03:55,0.060988813,0,0.084806929,0:00:00,0:00:00,0,0
3I5,53,1/30/15,383.32178,1/30/15,0,1,13,0.25,0:54:37,0:00:26,0:00:26,0:00:00,0.007934086,0.007934086,0,36,10,3.6,0:00:26,0:00:00,0:00:00,0.007934086,0,0,0:00:26,0:00:00,0:00:00,0.007934086,0,0,0:00:00,0:00:00,0,0
3I5,116,2/19/15,144.27796,2/19/15,0,2,13,0.25,1:02:52,0:10:37,0:10:30,0:00:07,0.168875928,0.167020149,0.001855779,27,13,2.076923077,0:08:55,0:00:00,0:00:00,0.141834571,0,0,0:08:48,0:00:00,0:01:42,0.139978791,0,0.027041357,0:00:15,0:00:00,0.003977,0
3I5,129,2/24/15,192.09440,2/24/15,0,2,13,0.25,1:24:31,0:00:00,0:00:00,0:00:00,0,0,0,97,19,5.105263158,0:00:00,0:00:00,0:00:00,0,0,0,0:00:00,0:00:00,0:00:00,0,0,0,0:00:09,0:00:00,0.001775,0
3I5,67,2/4/15,129.75093,2/3/15,-1,2,13,0.25,0:29:56,0:00:00,0:00:00,0:00:00,0,0,0,35,7,5,0:00:00,0:00:00,0:00:00,0,0,0,0:00:00,0:00:00,0:00:00,0,0,0,0:00:00,0:00:00,0,0
3I5,213,3/17/15,309.87574,3/16/15,-1,3,13,0.25,1:00:34,0:05:33,0:05:33,0:00:00,0.091634562,0.091634562,0,62,14,4.428571429,0:00:00,0:00:00,0:00:00,0,0,0,0:00:00,0:00:00,0:05:33,0,0,0.091634562,0:00:00,0:00:00,0,0
3I5,226,3/19/15,296.20249,3/19/15,0,3,13,0.25,0:30:39,0:05:43,0:00:00,0:05:43,0.18651441,0,0.18651441,47,7,6.714285714,0:05:43,0:00:00,0:00:00,0.18651441,0,0,0:00:00,0:00:00,0:00:00,0,0,0,0:00:08,0:19:51,0.00435,0.647635
3I5,162,3/2/15,214.19997,3/2/15,0,3,13,0.25,0:22:13,0:00:04,0:00:00,0:00:04,0.00300075,0,0.00300075,10,4,2.5,0:00:00,0:00:00,0:00:00,0,0,0,0:00:00,0:00:00,0:00:00,0,0,0,0:00:00,0:00:00,0,0
3I5,327,4/13/15,251.64029,4/13/15,0,4,13,0.25,0:30:03,0:01:11,0:00:00,0:01:11,0.039378813,0,0.039378813,18,6,3,0:01:11,0:00:00,0:00:00,0.039378813,0,0,0:00:00,0:00:00,0:00:00,0,0,0,0:00:04,0:09:07,0.002219,0.303383
3I5,336,4/15/15,500.70300,4/14/15,-1,4,13,0.25,1:00:23,0:09:32,0:09:32,0:00:00,0.15788021,0.15788021,0,42,14,3,0:00:00,0:00:00,0:00:00,0,0,0,0:00:00,0:00:00,0:09:32,0,0,0.15788021,0:00:03,0:00:00,0.000828,0
3I5,384,4/22/15,351.80989,4/22/15,0,4,13,0.25,0:22:22,0:00:00,0:00:00,0:00:00,0,0,0,6,5,1.2,0:00:00,0:00:00,0:00:00,0,0,0,0:00:00,0:00:00,0:00:00,0,0,0,0:00:00,0:00:00,0,0
3I5,295,4/6/15,612.61364,4/6/15,0,4,13,0.25,0:30:25,0:01:22,0:01:22,0:00:00,0.044931507,0.044931507,0,38,7,5.428571429,0:00:00,0:00:00,0:00:00,0,0,0,0:00:00,0:00:00,0:01:22,0,0,0.044931507,0:00:00,0:00:00,0,0
3I5,311,4/8/15,324.71749,4/8/15,0,4,13,0.25,0:30:31,0:00:00,0:00:00,0:00:00,0,0,0,50,7,7.142857143,0:00:00,0:00:00,0:00:00,0,0,0,0:00:00,0:00:00,0:00:00,0,0,0,0:00:00,0:00:00,0,0
4I8,92,2/16/15,247.98830,2/16/15,0,2,16,0.307692308,0:30:35,0:06:12,0:06:12,0:00:00,0.202724796,0.202724795,0,21,7,3,0:06:12,0:00:00,0:00:00,0.202724796,0,0,0:06:12,0:00:00,0:00:00,0.202724795,0,0,0:00:02,0:00:00,0.00109,0
4I8,136,2/24/15,189.04833,2/24/15,0,2,16,0.307692308,1:31:14,0:27:50,0:27:50,0:00:00,0.305078553,0.305078553,0,57,21,2.714285714,0:00:00,0:00:00,0:11:57,0,0,0.130982828,0:00:00,0:00:00,0:27:50,0,0,0.305078553,0:00:00,0:00:00,0,0
4I8,211,3/16/15,258.42677,3/16/15,0,3,16,0.307692308,0:31:10,0:00:00,0:00:00,0:00:00,0,0,0,12,5,2.4,0:00:00,0:00:00,0:00:00,0,0,0,0:00:00,0:00:00,0:00:00,0,0,0,0:00:00,0:00:00,0,0
4I8,161,3/2/15,212.60101,3/2/15,0,3,16,0.307692308,0:30:24,0:14:06,0:09:31,0:04:35,0.463815789,0.313048246,0.150767544,20,7,2.857142857,0:00:00,0:00:00,0:14:06,0,0,0.463815789,0:00:00,0:00:00,0:09:31,0,0,0.313048246,0:00:13,0:00:00,0.007127,0
4I8,263,3/28/15,333.19172,3/28/15,0,3,16,0.307692308,0:30:23,0:10:56,0:10:56,0:00:00,0.359846407,0.359846407,0,50,7,7.142857143,0:06:11,0:04:45,0:00:00,0.203510697,0.15633571,0,0:06:11,0:04:45,0:00:00,0.203510697,0.15633571,0,0:00:00,0:00:00,0,0
4I8,188,3/9/15,327.89946,3/9/15,0,3,16,0.307692308,0:30:41,0:00:00,0:00:00,0:00:00,0,0,0,19,7,2.714285714,0:00:00,0:00:00,0:00:00,0,0,0,0:00:00,0:00:00,0:00:00,0,0,0,0:00:02,0:00:00,0.001086,0
4I8,342,4/15/15,320.06289,4/16/15,1,4,16,0.307692308,1:00:57,0:00:00,0:00:00,0:00:00,0,0,0,81,14,5.785714286,0:00:00,0:00:00,0:00:00,0,0,0,0:00:00,0:00:00,0:00:00,0,0,0,0:00:00,0:00:00,0,0
4I8,356,4/17/15,157.13672,4/17/15,0,4,16,0.307692308,0:30:12,0:02:30,0:02:30,0:00:00,0.082781457,0.082781457,0,33,7,4.714285714,0:02:30,0:00:00,0:00:00,0.082781457,0,0,0:02:30,0:00:00,0:00:00,0.082781457,0,0,0:00:16,0:00:00,0.00883,0
4I8,397,4/23/15,463.97634,4/22/15,-1,4,16,0.307692308,1:00:37,0:00:00,0:00:00,0:00:00,0,0,0,35,14,2.5,0:00:00,0:00:00,0:00:00,0,0,0,0:00:00,0:00:00,0:00:00,0,0,0,0:00:00,0:00:00,0,0
4I8,308,4/7/15,357.77160,4/7/15,0,4,16,0.307692308,1:01:11,0:06:24,0:06:24,0:00:00,0.10460365,0.10460365,0,32,13,2.461538462,0:00:00,0:00:00,0:00:00,0,0,0,0:00:00,0:00:00,0:06:24,0,0,0.10460365,0:00:00,0:00:00,0,0
5B2,55,1/30/15,236.86591,1/28/15,-2,1,8,0.153846154,1:01:08,0:16:45,0:11:08,0:05:37,0.273991276,0.182115594,0.091875682,75,15,5,0:16:45,0:00:00,0:00:00,0.273991276,0,0,0:11:08,0:00:00,0:00:00,0.182115594,0,0,0:00:00,0:00:00,0,0
5B2,90,2/16/15,219.20628,2/16/15,0,2,8,0.153846154,0:34:36,0:00:00,0:00:00,0:00:00,0,0,0,30,7,4.285714286,0:00:00,0:00:00,0:00:00,0,0,0,0:00:00,0:00:00,0:00:00,0,0,0,0:00:00,0:00:00,0,0
5B2,60,2/2/15,203.18916,2/2/15,0,2,8,0.153846154,0:35:43,0:04:10,0:04:10,0:00:00,0.116658889,0.116658889,0,45,6,7.5,0:04:10,0:00:00,0:00:00,0.116658889,0,0,0:04:10,0:00:00,0:00:00,0.116658889,0,0,0:00:06,0:00:00,0.0028,0
5B2,140,2/24/15,203.12970,2/23/15,-1,2,8,0.153846154,1:00:36,0:00:00,0:00:00,0:00:00,0,0,0,124,14,8.857142857,0:00:00,0:00:00,0:00:00,0,0,0,0:00:00,0:00:00,0:00:00,0,0,0,0:00:01,0:00:00,0.000275,0
5B2,144,2/25/15,236.54838,2/25/15,0,2,8,0.153846154,0:58:59,0:00:00,0:00:00,0:00:00,0,0,0,52,14,3.714285714,0:00:00,0:00:00,0:00:00,0,0,0,0:00:00,0:00:00,0:00:00,0,0,0,0:00:00,0:00:00,0,0
5B2,77,2/9/15,180.54943,2/9/15,0,2,8,0.153846154,0:19:01,0:05:14,0:05:12,0:00:02,0.275197195,0.273444347,0.001752848,17,4,4.25,0:00:00,0:00:00,0:00:00,0,0,0,0:00:00,0:00:00,0:00:00,0,0,0,0:00:06,0:00:00,0.005259,0
5B2,195,3/10/15,198.01874,3/10/15,0,3,8,0.153846154,0:30:39,0:09:19,0:03:09,0:06:10,0.303969549,0.102773246,0.201196302,31,7,4.428571429,0:09:19,0:00:00,0:00:00,0.303969549,0,0,0:03:09,0:00:00,0:00:00,0.102773246,0,0,0:00:00,0:24:23,0,0.795541
5B2,200,3/11/15,131.06671,3/11/15,0,3,8,0.153846154,0:30:16,0:02:24,0:02:24,0:00:00,0.079295154,0.079295154,0,24,7,3.428571429,0:02:24,0:00:00,0:00:00,0.079295154,0,0,0:02:24,0:00:00,0:00:00,0.079295154,0,0,0:00:00,0:27:34,0,0.910793
5B2,208,3/16/15,154.60612,3/16/15,0,3,8,0.153846154,0:30:43,0:02:08,0:00:26,0:01:42,0.06945198,0.014107434,0.055344547,51,7,7.285714286,0:02:08,0:00:00,0:00:00,0.06945198,0,0,0:00:26,0:00:00,0:00:00,0.014107434,0,0,0:00:11,0:00:00,0.005969,0
5B2,212,3/17/15,177.51669,3/17/15,0,3,8,0.153846154,0:30:09,0:14:37,0:02:27,0:12:10,0.484798231,0.081260365,0.403537866,25,7,3.571428571,0:14:37,0:00:00,0:00:00,0.484798231,0,0,0:02:27,0:00:00,0:00:00,0.081260365,0,0,0:00:02,0:00:00,0.001106,0
5B2,222,3/18/15,243.35685,3/18/15,0,3,8,0.153846154,0:33:00,0:06:56,0:04:45,0:02:11,0.21010101,0.143939394,0.066161616,64,7,9.142857143,0:06:56,0:00:00,0:00:00,0.21010101,0,0,0:04:45,0:00:00,0:00:00,0.143939394,0,0,0:00:32,0:24:49,0.016162,0.75202
5B2,228,3/19/15,163.31400,3/19/15,0,3,8,0.153846154,0:30:02,0:02:54,0:00:25,0:02:29,0.096559378,0.013873474,0.082685905,15,7,2.142857143,0:02:54,0:00:00,0:00:00,0.096559378,0,0,0:00:25,0:00:00,0:00:00,0.013873474,0,0,0:00:13,0:10:12,0.007214,0.339623
5B2,240,3/23/15,137.80281,3/23/15,0,3,8,0.153846154,0:33:23,0:11:25,0:01:32,0:09:53,0.341987019,0.045931103,0.296055916,77,7,11,0:11:25,0:00:00,0:00:00,0.341987019,0,0,0:01:32,0:00:00,0:00:00,0.045931103,0,0,0:00:05,0:30:46,0.002496,0.921618
5B2,259,3/27/15,167.70776,3/26/15,-1,3,8,0.153846154,0:30:35,0:00:00,0:00:00,0:00:00,0,0,0,170,7,24.28571429,0:00:00,0:00:00,0:00:00,0,0,0,0:00:00,0:00:00,0:00:00,0,0,0,0:00:00,0:00:00,0,0
5B2,167,3/3/15,200.45844,3/3/15,0,3,8,0.153846154,0:30:37,0:00:00,0:00:00,0:00:00,0,0,0,22,7,3.142857143,0:00:00,0:00:00,0:00:00,0,0,0,0:00:00,0:00:00,0:00:00,0,0,0,0:00:00,0:00:00,0,0
5B2,266,3/30/15,327.99826,3/30/15,0,3,8,0.153846154,0:20:13,0:00:00,0:00:00,0:00:00,0,0,0,3,4,0.75,0:00:00,0:00:00,0:00:00,0,0,0,0:00:00,0:00:00,0:00:00,0,0,0,0:00:00,0:00:00,0,0
5B2,167,3/3/15,200.45844,3/4/15,1,3,8,0.153846154,1:00:07,0:00:00,0:00:00,0:00:00,0,0,0,44,14,3.142857143,0:00:00,0:00:00,0:00:00,0,0,0,0:00:00,0:00:00,0:00:00,0,0,0,0:01:13,0:54:05,0.020238,0.89964
5B2,189,3/9/15,132.10318,3/9/15,0,3,8,0.153846154,0:30:39,0:00:00,0:00:00,0:00:00,0,0,0,19,7,2.714285714,0:00:00,0:00:00,0:00:00,0,0,0,0:00:00,0:00:00,0:00:00,0,0,0,0:00:00,0:00:00,0,0
5B2,275,4/1/15,203.57280,4/1/15,0,4,8,0.153846154,0:31:03,0:00:00,0:00:00,0:00:00,0,0,0,47,7,6.714285714,0:00:00,0:00:00,0:00:00,0,0,0,0:00:00,0:00:00,0:00:00,0,0,0,0:00:00,0:00:00,0,0
5B2,333,4/15/15,358.08107,4/15/15,0,4,8,0.153846154,0:30:17,0:04:09,0:00:00,0:04:09,0.137039075,0,0.137039075,10,6,1.666666667,0:04:09,0:00:00,0:00:00,0.137039075,0,0,0:00:00,0:00:00,0:00:00,0,0,0,0:00:00,0:00:00,0,0
5B2,349,4/16/15,123.87810,4/16/15,0,4,8,0.153846154,1:36:16,0:17:39,0:00:00,0:17:39,0.183344875,0,0.183344875,255,20,12.75,0:17:39,0:00:00,0:00:00,0.183344875,0,0,0:00:00,0:00:00,0:00:00,0,0,0,0:00:07,0:23:22,0.001212,0.242729
5B2,379,4/22/15,184.30428,4/22/15,0,4,8,0.153846154,1:00:58,0:00:00,0:00:00,0:00:00,0,0,0,107,14,7.642857143,0:00:00,0:00:00,0:00:00,0,0,0,0:00:00,0:00:00,0:00:00,0,0,0,0:00:00,0:00:00,0,0
5B2,313,4/8/15,231.74130,4/8/15,0,4,8,0.153846154,0:30:09,0:06:58,0:00:00,0:06:58,0.231066888,0,0.231066888,20,7,2.857142857,0:06:58,0:00:00,0:00:00,0.231066888,0,0,0:00:00,0:00:00,0:00:00,0,0,0,0:00:00,0:00:00,0,0
5G2,31,1/23/15,108.54809,1/21/15,-2,1,31,0.596153846,0:30:07,0:03:58,0:03:58,0:00:00,0.131710017,0.131710017,0,5,7,0.714285714,0:00:00,0:00:00,0:00:00,0,0,0,0:00:00,0:00:00,0:03:58,0,0,0.131710017,0:00:00,0:00:00,0,0
5G2,45,1/28/15,153.66161,1/28/15,0,1,31,0.596153846,1:01:28,0:00:00,0:00:00,0:00:00,0,0,0,18,13,1.384615385,0:00:00,0:00:00,0:00:00,0,0,0,0:00:00,0:00:00,0:00:00,0,0,0,0:00:00,0:00:00,0,0
5G2,51,1/30/15,182.37305,1/30/15,0,1,31,0.596153846,0:30:01,0:05:24,0:00:00,0:05:24,0.179900056,0,0.179900056,13,7,1.857142857,0:00:00,0:05:24,0:00:00,0,0.179900056,0,0:00:00,0:00:00,0:00:00,0,0,0,0:00:00,0:00:00,0,0
5G2,107,2/18/15,102.76710,2/18/15,0,2,31,0.596153846,1:00:15,0:00:17,0:00:00,0:00:17,0.004702628,0,0.004702628,47,14,3.357142857,0:00:17,0:00:00,0:00:00,0.004702628,0,0,0:00:00,0:00:00,0:00:00,0,0,0,0:00:07,0:00:00,0.001936,0
5G2,126,2/23/15,146.94807,2/23/15,0,2,31,0.596153846,0:30:16,0:17:55,0:06:09,0:11:46,0.591960352,0.203193832,0.38876652,9,7,1.285714286,0:00:00,0:17:55,0:00:00,0,0.591960352,0,0:00:00,0:06:09,0:00:00,0,0.203193833,0,0:00:00,0:00:00,0,0
5G2,147,2/26/15,107.46689,2/26/15,0,2,31,0.596153846,1:00:26,0:00:00,0:00:00,0:00:00,0,0,0,19,12,1.583333333,0:00:00,0:00:00,0:00:00,0,0,0,0:00:00,0:00:00,0:00:00,0,0,0,0:00:00,0:00:00,0,0
5G2,78,2/9/15,79.38687,2/9/15,0,2,31,0.596153846,0:30:44,0:00:00,0:00:00,0:00:00,0,0,0,10,7,1.428571429,0:00:00,0:00:00,0:00:00,0,0,0,0:00:00,0:00:00,0:00:00,0,0,0,0:00:00,0:00:00,0,0
5G2,155,3/2/15,91.74939,3/2/15,0,3,31,0.596153846,1:00:15,0:04:04,0:00:00,0:04:04,0.067496542,0,0.067496542,18,14,1.285714286,0:00:00,0:00:00,0:00:00,0,0,0,0:00:00,0:00:00,0:00:00,0,0,0,0:00:00,0:00:00,0,0
5G2,187,3/9/15,264.34080,3/9/15,0,3,31,0.596153846,0:31:49,0:13:36,0:02:23,0:11:13,0.427448926,0.074908329,0.352540597,19,7,2.714285714,0:00:00,0:09:56,0:00:00,0,0.312205343,0,0:00:00,0:00:32,0:01:51,0,0.016762703,0.058145626,0:00:00,0:00:00,0,0
5G2,326,4/13/15,249.45975,4/13/15,0,4,31,0.596153846,0:31:01,0:12:31,0:07:36,0:04:55,0.40354648,0.245029554,0.158516926,13,7,1.857142857,0:00:00,0:02:15,0:00:00,0,0.072541644,0,0:00:00,0:00:00,0:07:36,0,0,0.245029554,0:00:00,0:00:00,0,0
5G2,355,4/17/15,167.96172,4/16/15,-1,4,31,0.596153846,0:30:01,0:00:00,0:00:00,0:00:00,0,0,0,3,7,0.428571429,0:00:00,0:00:00,0:00:00,0,0,0,0:00:00,0:00:00,0:00:00,0,0,0,0:00:00,0:00:00,0,0
5G2,288,4/3/15,121.30918,4/2/15,-1,4,31,0.596153846,0:31:08,0:00:00,0:00:00,0:00:00,0,0,0,54,7,7.714285714,0:00:00,0:00:00,0:00:00,0,0,0,0:00:00,0:00:00,0:00:00,0,0,0,0:00:00,0:00:00,0,0
5G2,372,4/21/15,125.77710,4/20/15,-1,4,31,0.596153846,0:30:33,0:02:48,0:00:03,0:02:45,0.091653028,0.001636661,0.090016367,4,7,0.571428571,0:00:00,0:02:48,0:00:00,0,0.091653028,0,0:00:00,0:00:03,0:00:00,0,0.001636661,0,0:00:00,0:00:00,0,0
5G2,291,4/6/15,235.94864,4/6/15,0,4,31,0.596153846,0:30:24,0:00:00,0:00:00,0:00:00,0,0,0,33,7,4.714285714,0:00:00,0:00:00,0:00:00,0,0,0,0:00:00,0:00:00,0:00:00,0,0,0,0:00:00,0:00:00,0,0
5G2,300,4/7/15,229.75330,4/7/15,0,4,31,0.596153846,0:30:03,0:08:59,0:00:00,0:08:59,0.298946201,0,0.298946201,2,7,0.285714286,0:00:00,0:08:59,0:00:00,0,0.298946201,0,0:00:00,0:00:00,0:00:00,0,0,0,0:00:00,0:00:00,0,0
5G2,321,4/9/15,218.46186,4/9/15,0,4,31,0.596153846,0:16:01,0:00:00,0:00:00,0:00:00,0,0,0,10,4,2.5,0:00:00,0:00:00,0:00:00,0,0,0,0:00:00,0:00:00,0:00:00,0,0,0,0:00:00,0:00:00,0,0
6H2,9,1/14/15,396.83674,1/14/15,0,1,17,0.326923077,0:44:50,0:02:56,0:02:56,0:00:00,0.065427509,0.065427509,0,22,9,2.444444444,0:00:00,0:00:00,0:00:00,0,0,0,0:00:00,0:00:00,0:02:56,0,0,0.065427509,0:00:00,0:00:00,0,0
6H2,23,1/20/15,318.56177,1/19/15,-1,1,17,0.326923077,0:29:58,0:00:00,0:00:00,0:00:00,0,0,0,29,6,4.833333333,0:00:00,0:00:00,0:00:00,0,0,0,0:00:00,0:00:00,0:00:00,0,0,0,0:00:00,0:00:00,0,0
6H2,34,1/26/15,231.20939,1/26/15,0,1,17,0.326923077,1:00:37,0:05:25,0:05:25,0:00:00,0.089359362,0.089359362,0,54,14,3.857142857,0:05:25,0:00:00,0:00:00,0.089359362,0,0,0:05:25,0:00:00,0:00:00,0.089359362,0,0,0:00:22,0:00:00,0.006049,0
6H2,46,1/28/15,172.32069,1/28/15,0,1,17,0.326923077,0:29:55,0:00:08,0:00:08,0:00:00,0.004456825,0.004456825,0,31,7,4.428571429,0:00:00,0:00:00,0:00:00,0,0,0,0:00:00,0:00:00,0:00:08,0,0,0.004456825,0:00:30,0:00:00,0.016713,0
6H2,49,1/29/15,250.92120,1/29/15,0,1,17,0.326923077,0:30:10,0:00:00,0:00:00,0:00:00,0,0,0,53,5,10.6,0:00:00,0:00:00,0:00:00,0,0,0,0:00:00,0:00:00,0:00:00,0,0,0,0:00:00,0:00:00,0,0
6H2,93,2/16/15,306.06322,2/16/15,0,2,17,0.326923077,0:31:29,0:00:00,0:00:00,0:00:00,0,0,0,18,6,3,0:00:00,0:00:00,0:00:00,0,0,0,0:00:00,0:00:00,0:00:00,0,0,0,0:00:00,0:00:00,0,0
6H2,103,2/18/15,316.50000,2/17/15,-1,2,17,0.326923077,0:59:39,0:05:39,0:05:39,0:00:00,0.094719195,0.094719195,0,18,13,1.384615385,0:05:39,0:00:00,0:00:00,0.094719195,0,0,0:05:39,0:00:00,0:00:00,0.094719195,0,0,0:00:22,0:00:00,0.006147,0
6H2,137,2/24/15,231.19462,2/24/15,0,2,17,0.326923077,1:05:29,0:16:11,0:16:11,0:00:00,0.247136676,0.247136676,0,35,13,2.692307692,0:14:05,0:00:00,0:00:00,0.215067447,0,0,0:14:05,0:00:00,0:02:06,0.215067447,0,0.032069229,0:01:08,0:00:00,0.017307,0
6H2,61,2/3/15,203.67692,2/3/15,0,2,17,0.326923077,0:30:34,0:00:00,0:00:00,0:00:00,0,0,0,7,7,1,0:00:00,0:00:00,0:00:00,0,0,0,0:00:00,0:00:00,0:00:00,0,0,0,0:01:06,0:00:00,0.035987,0
6H2,82,2/9/15,173.62768,2/9/15,0,2,17,0.326923077,1:00:35,0:00:44,0:00:44,0:00:00,0.012104539,0.012104539,0,90,14,6.428571429,0:00:00,0:00:00,0:00:00,0,0,0,0:00:00,0:00:00,0:00:44,0,0,0.012104539,0:00:00,0:00:00,0,0
6H2,196,3/11/15,189.25549,3/11/15,0,3,17,0.326923077,0:59:19,0:27:00,0:09:55,0:17:05,0.45518404,0.167181793,0.288002248,72,13,5.538461538,0:00:00,0:05:53,0:19:51,0,0.099185164,0.334644563,0:00:00,0:05:53,0:04:02,0,0.099185164,0.067996628,0:00:00,0:19:08,0,0.322563
6H2,210,3/16/15,388.97597,3/16/15,0,3,17,0.326923077,1:00:26,0:29:21,0:27:22,0:01:59,0.485659129,0.452840596,0.032818533,51,14,3.642857143,0:28:34,0:00:47,0:00:00,0.472697187,0.012961942,0,0:26:35,0:00:47,0:00:00,0.439878654,0.012961942,0,0:00:42,0:25:02,0.011583,0.414231
6H2,224,3/18/15,111.68173,3/18/15,0,3,17,0.326923077,0:25:51,0:00:00,0:00:00,0:00:00,0,0,0,20,5,4,0:00:00,0:00:00,0:00:00,0,0,0,0:00:00,0:00:00,0:00:00,0,0,0,0:00:00,0:00:00,0,0
6H2,245,3/23/15,356.28616,3/23/15,0,3,17,0.326923077,0:30:11,0:00:00,0:00:00,0:00:00,0,0,0,18,6,3,0:00:00,0:00:00,0:00:00,0,0,0,0:00:00,0:00:00,0:00:00,0,0,0,0:00:00,0:00:00,0,0
6H2,261,3/27/15,259.83947,3/27/15,0,3,17,0.326923077,0:30:18,0:00:09,0:00:09,0:00:00,0.004950495,0.004950495,0,27,7,3.857142857,0:00:00,0:00:00,0:00:09,0,0,0.004950495,0:00:00,0:00:00,0:00:09,0,0,0.004950495,0:00:00,0:25:25,0,0.838834
6H2,268,3/30/15,277.71436,3/30/15,0,3,17,0.326923077,0:30:15,0:08:48,0:08:48,0:00:00,0.290909091,0.29090909,0,24,7,3.428571429,0:00:00,0:00:00,0:00:00,0,0,0,0:00:00,0:00:00,0:08:48,0,0,0.290909091,0:00:00,0:00:00,0,0
6H2,168,3/4/15,226.36080,3/4/15,0,3,17,0.326923077,0:55:04,0:09:11,0:09:11,0:00:00,0.166767554,0.166767555,0,27,12,2.25,0:09:11,0:00:00,0:00:00,0.166767554,0,0,0:09:11,0:00:00,0:00:00,0.166767555,0,0,0:01:04,0:23:47,0.01937,0.431901
6H2,184,3/9/15,205.97495,3/9/15,0,3,17,0.326923077,1:01:07,0:00:20,0:00:20,0:00:00,0.00545405,0.00545405,0,80,14,5.714285714,0:00:00,0:00:00,0:00:20,0,0,0.00545405,0:00:00,0:00:00,0:00:20,0,0,0.00545405,0:00:05,0:03:49,0.001364,0.062449
6H2,279,4/1/15,452.68265,4/1/15,0,4,17,0.326923077,0:32:12,0:05:43,0:05:43,0:00:00,0.177536232,0.177536232,0,29,7,4.142857143,0:00:00,0:00:00,0:00:00,0,0,0,0:00:00,0:00:00,0:05:43,0,0,0.177536232,0:00:00,0:00:00,0,0
6H2,335,4/15/15,178.08400,4/15/15,0,4,17,0.326923077,1:30:54,0:14:04,0:14:04,0:00:00,0.154748808,0.154748808,0,172,19,9.052631579,0:00:00,0:00:00,0:14:04,0,0,0.154748808,0:00:00,0:00:00,0:14:04,0,0,0.154748808,0:00:14,0:06:43,0.002567,0.073891
6H2,287,4/2/15,400.15728,4/2/15,0,4,17,0.326923077,0:30:01,0:00:00,0:00:00,0:00:00,0,0,0,32,7,4.571428571,0:00:00,0:00:00,0:00:00,0,0,0,0:00:00,0:00:00,0:00:00,0,0,0,0:00:00,0:00:00,0,0
6H2,365,4/20/15,132.58185,4/20/15,0,4,17,0.326923077,1:00:42,0:15:04,0:15:04,0:00:00,0.248215266,0.248215267,0,36,13,2.769230769,0:00:00,0:00:00,0:15:04,0,0,0.248215266,0:00:00,0:00:00,0:15:04,0,0,0.248215266,0:00:00,0:00:00,0,0
6H2,373,4/21/15,293.59947,4/21/15,0,4,17,0.326923077,0:30:26,0:00:00,0:00:00,0:00:00,0,0,0,9,7,1.285714286,0:00:00,0:00:00,0:00:00,0,0,0,0:00:00,0:00:00,0:00:00,0,0,0,0:00:00,0:00:00,0,0
6H2,296,4/6/15,579.52416,4/6/15,0,4,17,0.326923077,1:30:56,0:11:51,0:11:51,0:00:00,0.130315249,0.130315249,0,110,20,5.5,0:00:00,0:00:00,0:00:00,0,0,0,0:00:00,0:00:00,0:07:40,0,0,0.08431085,0:00:00,0:00:00,0,0
6I1,26,1/21/15,83.39564,1/21/15,0,1,19,0.365384615,1:02:34,0:08:54,0:03:17,0:05:37,0.142248269,0.052477358,0.089770911,43,14,3.071428571,0:00:05,0:08:49,0:00:00,0.001331913,0.140916356,0,0:00:03,0:03:14,0:00:00,0.000799148,0.05167821,0,0:00:00,0:00:00,0,0
6I1,37,1/26/15,132.97403,1/26/15,0,1,19,0.365384615,1:02:37,0:08:33,0:02:55,0:05:38,0.136545116,0.046579718,0.089965398,43,14,3.071428571,0:02:55,0:00:00,0:00:00,0.046579718,0,0,0:02:55,0:00:00,0:00:00,0.046579718,0,0,0:00:00,0:00:00,0,0
6I1,109,2/18/15,136.52544,2/18/15,0,2,19,0.365384615,0:30:27,0:16:15,0:16:15,0:00:00,0.533661741,0.53366174,0,21,7,3,0:00:00,0:00:00,0:00:00,0,0,0,0:00:00,0:00:00,0:16:15,0,0,0.533661741,0:00:00,0:00:00,0,0
6I1,118,2/20/15,86.28562,2/20/15,0,2,19,0.365384615,1:01:40,0:00:00,0:00:00,0:00:00,0,0,0,16,15,1.066666667,0:00:00,0:00:00,0:00:00,0,0,0,0:00:00,0:00:00,0:00:00,0,0,0,0:00:02,0:00:00,0.000541,0
6I1,122,2/23/15,131.78315,2/23/15,0,2,19,0.365384615,1:00:43,0:08:22,0:03:00,0:05:22,0.137798518,0.049409827,0.088388691,38,13,2.923076923,0:01:48,0:00:00,0:00:00,0.029645896,0,0,0:00:14,0:00:00,0:02:46,0.003842986,0,0.045566841,0:00:50,0:00:00,0.013725,0
6I1,141,2/25/15,167.78720,2/25/15,0,2,19,0.365384615,0:30:15,0:01:18,0:00:42,0:00:36,0.042975207,0.023140496,0.019834711,22,7,3.142857143,0:00:15,0:00:32,0:00:00,0.008264463,0.017630854,0,0:00:15,0:00:27,0:00:00,0.008264463,0.014876033,0,0:00:00,0:00:00,0,0
6I1,87,2/11/15,190.78620,2/9/15,-2,2,19,0.365384615,1:03:37,0:03:33,0:01:02,0:02:31,0.055802987,0.016243123,0.039559864,51,13,3.923076923,0:00:00,0:01:02,0:00:00,0,0.016243123,0,0:00:00,0:01:02,0:00:00,0,0.016243123,0,0:00:00,0:00:00,0,0
6I1,199,3/11/15,229.20930,3/11/15,0,3,19,0.365384615,1:05:48,0:00:00,0:00:00,0:00:00,0,0,0,150,14,10.71428571,0:00:00,0:00:00,0:00:00,0,0,0,0:00:00,0:00:00,0:00:00,0,0,0,0:00:00,0:00:00,0,0
6I1,209,3/16/15,140.85711,3/16/15,0,3,19,0.365384615,1:00:24,0:10:35,0:08:40,0:01:55,0.175220751,0.143487858,0.031732892,35,14,2.5,0:00:00,0:00:00,0:00:28,0,0,0.007726269,0:00:00,0:00:00,0:08:40,0,0,0.143487859,0:00:00,0:00:00,0,0
6I1,220,3/18/15,181.76143,3/18/15,0,3,19,0.365384615,0:31:51,0:02:55,0:00:00,0:02:55,0.091575092,0,0.091575092,69,7,9.857142857,0:02:55,0:00:00,0:00:00,0.091575092,0,0,0:00:00,0:00:00,0:00:00,0,0,0,0:00:00,0:12:44,0,0.399791
6I1,225,3/19/15,217.46715,3/19/15,0,3,19,0.365384615,0:30:02,0:00:00,0:00:00,0:00:00,0,0,0,16,5,3.2,0:00:00,0:00:00,0:00:00,0,0,0,0:00:00,0:00:00,0:00:00,0,0,0,0:00:00,0:00:00,0,0
6I1,158,3/2/15,178.42160,3/2/15,0,3,19,0.365384615,1:00:29,0:21:08,0:19:58,0:01:10,0.34940755,0.33011849,0.01928906,39,14,2.785714286,0:21:08,0:00:00,0:00:00,0.34940755,0,0,0:19:58,0:00:00,0:00:00,0.33011849,0,0,0:00:05,0:00:00,0.001378,0
6I1,256,3/26/15,138.30259,3/26/15,0,3,19,0.365384615,0:30:46,0:00:00,0:00:00,0:00:00,0,0,0,87,7,12.42857143,0:00:00,0:00:00,0:00:00,0,0,0,0:00:00,0:00:00,0:00:00,0,0,0,0:00:00,0:00:00,0,0
6I1,178,3/5/15,338.68032,3/5/15,0,3,19,0.365384615,0:30:36,0:00:00,0:00:00,0:00:00,0,0,0,19,7,2.714285714,0:00:00,0:00:00,0:00:00,0,0,0,0:00:00,0:00:00,0:00:00,0,0,0,0:00:00,0:00:00,0,0
6I1,272,4/1/15,692.45980,4/1/15,0,4,19,0.365384615,0:30:03,0:25:13,0:24:36,0:00:37,0.839156961,0.818635607,0.020521353,9,7,1.285714286,0:00:00,0:00:00,0:00:00,0,0,0,0:00:00,0:00:00,0:24:36,0,0,0.818635607,0:00:00,0:00:00,0,0
6I1,341,4/15/15,441.34930,4/13/15,-2,4,19,0.365384615,1:01:18,0:11:02,0:07:19,0:03:43,0.179989125,0.119358347,0.060630778,87,14,6.214285714,0:09:31,0:00:00,0:00:00,0.155247417,0,0,0:05:48,0:00:00,0:01:31,0.094616639,0,0.024741707,0:00:00,0:00:00,0,0
6I1,347,4/16/15,274.38440,4/16/15,0,4,19,0.365384615,0:59:38,0:01:15,0:01:15,0:00:00,0.020961431,0.020961431,0,30,12,2.5,0:01:15,0:00:00,0:00:00,0.020961431,0,0,0:01:15,0:00:00,0:00:00,0.020961431,0,0,0:00:00,0:16:36,0,0.278368
6I1,283,4/2/15,263.02416,4/2/15,0,4,19,0.365384615,0:30:21,0:05:43,0:03:41,0:02:02,0.188358045,0.121361889,0.066996156,26,7,3.714285714,0:00:00,0:01:43,0:02:34,0,0.056562328,0.084568918,0:00:00,0:01:43,0:01:58,0,0.056562328,0.064799561,0:00:00,0:00:00,0,0
6I1,381,4/22/15,126.26240,4/22/15,0,4,19,0.365384615,1:01:34,0:00:00,0:00:00,0:00:00,0,0,0,85,14,6.071428571,0:00:00,0:00:00,0:00:00,0,0,0,0:00:00,0:00:00,0:00:00,0,0,0,0:00:00,0:00:00,0,0
6I1,297,4/6/15,273.17978,4/6/15,0,4,19,0.365384615,1:00:44,0:19:40,0:05:57,0:13:43,0.323819978,0.097969265,0.225850714,71,12,5.916666667,0:00:41,0:00:00,0:01:58,0.011251372,0,0.032381998,0:00:00,0:00:00,0:05:57,0,0,0.097969265,0:00:00,0:00:00,0,0
6I2,104,2/18/15,135.81166,2/18/15,0,2,33,0.634615385,0:30:42,0:04:49,0:03:18,0:01:31,0.15689468,0.107491857,0.049402823,6,7,0.857142857,0:00:00,0:04:29,0:00:00,0,0.146036916,0,0:00:00,0:02:58,0:00:20,0,0.096634093,0.010857763,0:00:00,0:00:00,0,0
6I2,134,2/24/15,321.59469,2/24/15,0,2,33,0.634615385,0:34:40,0:04:55,0:00:00,0:04:55,0.141826923,0,0.141826923,2,7,0.285714286,0:00:00,0:04:55,0:00:00,0,0.141826923,0,0:00:00,0:00:00,0:00:00,0,0,0,0:00:00,0:00:00,0,0
6I2,202,3/12/15,106.13646,3/12/15,0,3,33,0.634615385,0:30:28,0:03:18,0:02:35,0:00:43,0.108315098,0.084792123,0.023522976,100,7,14.28571429,0:02:35,0:00:00,0:00:00,0.084792123,0,0,0:02:35,0:00:00,0:00:00,0.084792123,0,0,0:00:00,0:00:00,0,0
6I2,227,3/19/15,305.42473,3/20/15,1,3,33,0.634615385,1:01:14,0:05:53,0:01:03,0:04:50,0.096080566,0.017147523,0.078933043,84,13,6.461538462,0:00:00,0:00:00,0:00:00,0,0,0,0:00:00,0:00:00,0:01:03,0,0,0.017147523,0:00:00,0:00:00,0,0
6I2,264,3/28/15,286.48947,3/28/15,0,3,33,0.634615385,0:31:00,0:05:26,0:03:31,0:01:55,0.175268817,0.11344086,0.061827957,75,7,10.71428571,0:00:00,0:00:00,0:00:00,0,0,0,0:00:00,0:00:00,0:03:31,0,0,0.11344086,0:00:00,0:00:00,0,0
6I2,166,3/3/15,127.55563,3/3/15,0,3,33,0.634615385,0:31:51,0:07:26,0:07:26,0:00:00,0.233385662,0.233385663,0,17,6,2.833333333,0:00:00,0:00:00,0:02:01,0,0,0.063317635,0:00:00,0:00:00,0:07:26,0,0,0.233385662,0:00:00,0:18:41,0,0.586604
6I2,325,4/13/15,220.54564,4/13/15,0,4,33,0.634615385,0:30:15,0:00:00,0:00:00,0:00:00,0,0,0,8,7,1.142857143,0:00:00,0:00:00,0:00:00,0,0,0,0:00:00,0:00:00,0:00:00,0,0,0,0:00:00,0:00:00,0,0
6I2,353,4/16/15,138.94177,4/16/15,0,4,33,0.634615385,0:30:06,0:00:00,0:00:00,0:00:00,0,0,0,3,7,0.428571429,0:00:00,0:00:00,0:00:00,0,0,0,0:00:00,0:00:00,0:00:00,0,0,0,0:00:00,0:00:00,0,0
6I2,282,4/2/15,169.39847,4/2/15,0,4,33,0.634615385,0:31:36,0:00:00,0:00:00,0:00:00,0,0,0,67,6,11.16666667,0:00:00,0:00:00,0:00:00,0,0,0,0:00:00,0:00:00,0:00:00,0,0,0,0:00:01,0:00:00,0.000527,0
8B5,112,2/19/15,139.67433,2/19/15,0,2,22,0.423076923,0:58:04,0:02:00,0:02:00,0:00:00,0.034443169,0.034443169,0,15,13,1.153846154,0:02:00,0:00:00,0:00:00,0.034443169,0,0,0:02:00,0:00:00,0:00:00,0.034443169,0,0,0:00:03,0:00:00,0.000861,0
8B5,125,2/23/15,192.90135,2/23/15,0,2,22,0.423076923,0:33:14,0:20:54,0:20:54,0:00:00,0.62888666,0.62888666,0,14,7,2,0:20:54,0:00:00,0:00:00,0.62888666,0,0,0:20:54,0:00:00,0:00:00,0.62888666,0,0,0:00:00,0:00:00,0,0
8B5,74,2/5/15,151.69733,2/5/15,0,2,22,0.423076923,0:29:56,0:00:00,0:00:00,0:00:00,0,0,0,14,5,2.8,0:00:00,0:00:00,0:00:00,0,0,0,0:00:00,0:00:00,0:00:00,0,0,0,0:00:06,0:00:00,0.003341,0
8B5,219,3/18/15,186.01546,3/18/15,0,3,22,0.423076923,0:31:03,0:02:41,0:02:06,0:00:35,0.086419753,0.06763285,0.018786903,49,7,7,0:02:41,0:00:00,0:00:00,0.086419753,0,0,0:02:06,0:00:00,0:00:00,0.06763285,0,0,0:00:10,0:00:00,0.005368,0
8B5,230,3/19/15,392.03800,3/19/15,0,3,22,0.423076923,0:30:03,0:02:32,0:01:13,0:01:19,0.084303938,0.040488075,0.043815862,16,7,2.285714286,0:02:32,0:00:00,0:00:00,0.084303938,0,0,0:01:13,0:00:00,0:00:00,0.040488075,0,0,0:00:00,0:00:00,0,0
8B5,173,3/4/15,204.95389,3/2/15,-2,3,22,0.423076923,0:30:30,0:02:38,0:02:38,0:00:00,0.086338798,0.086338798,0,14,6,2.333333333,0:02:38,0:00:00,0:00:00,0.086338798,0,0,0:02:38,0:00:00,0:00:00,0.086338798,0,0,0:00:00,0:27:45,0,0.909836
8B5,237,3/23/15,298.81351,3/23/15,0,3,22,0.423076923,0:30:38,0:00:00,0:00:00,0:00:00,0,0,0,30,7,4.285714286,0:00:00,0:00:00,0:00:00,0,0,0,0:00:00,0:00:00,0:00:00,0,0,0,0:00:00,0:00:00,0,0
8B5,251,3/24/15,385.65025,3/24/15,0,3,22,0.423076923,0:30:11,0:06:44,0:06:44,0:00:00,0.223081171,0.223081171,0,3,7,0.428571429,0:00:00,0:00:00,0:00:00,0,0,0,0:00:00,0:00:00,0:06:44,0,0,0.223081171,0:00:00,0:00:00,0,0
8B5,181,3/5/15,171.52066,3/5/15,0,3,22,0.423076923,1:02:07,0:14:38,0:12:51,0:01:47,0.235578213,0.206868795,0.028709418,31,12,2.583333333,0:14:38,0:00:00,0:00:00,0.235578213,0,0,0:12:51,0:00:00,0:00:00,0.206868795,0,0,0:00:24,0:29:57,0.006439,0.482157
8B5,190,3/9/15,495.98555,3/9/15,0,3,22,0.423076923,0:30:11,0:08:50,0:08:50,0:00:00,0.292655991,0.292655991,0,9,6,1.5,0:08:50,0:00:00,0:00:00,0.292655991,0,0,0:08:50,0:00:00,0:00:00,0.292655991,0,0,0:00:00,0:00:00,0,0
8B5,339,4/15/15,438.61225,4/16/15,1,4,22,0.423076923,0:22:28,0:00:00,0:00:00,0:00:00,0,0,0,5,5,1,0:00:00,0:00:00,0:00:00,0,0,0,0:00:00,0:00:00,0:00:00,0,0,0,0:00:00,0:00:00,0,0
8B5,284,4/2/15,262.47633,4/2/15,0,4,22,0.423076923,0:55:14,0:07:39,0:07:39,0:00:00,0.138503319,0.138503319,0,91,12,7.583333333,0:00:00,0:00:45,0:00:00,0,0.013578757,0,0:00:00,0:00:45,0:06:54,0,0.013578757,0.124924562,0:00:00,0:00:00,0,0
8B5,362,4/20/15,285.91344,4/20/15,0,4,22,0.423076923,0:30:29,0:00:22,0:00:22,0:00:00,0.012028431,0.012028431,0,16,7,2.285714286,0:00:00,0:00:00,0:00:00,0,0,0,0:00:00,0:00:00,0:00:22,0,0,0.012028431,0:00:00,0:00:00,0,0
8B5,298,4/6/15,366.49293,4/6/15,0,4,22,0.423076923,1:00:38,0:09:24,0:09:24,0:00:00,0.155030236,0.155030237,0,25,14,1.785714286,0:04:18,0:00:00,0:00:00,0.070918087,0,0,0:04:18,0:00:00,0:05:06,0.070918087,0,0.08411215,0:00:00,0:00:00,0,0
8D6,85,2/10/15,344.31583,2/10/15,0,2,24,0.461538462,0:47:04,0:00:00,0:00:00,0:00:00,0,0,0,37,10,3.7,0:00:00,0:00:00,0:00:00,0,0,0,0:00:00,0:00:00,0:00:00,0,0,0,0:00:00,0:00:00,0,0
8D6,113,2/19/15,445.86572,2/19/15,0,2,24,0.461538462,0:19:08,0:00:00,0:00:00,0:00:00,0,0,0,3,4,0.75,0:00:00,0:00:00,0:00:00,0,0,0,0:00:00,0:00:00,0:00:00,0,0,0,0:00:00,0:00:00,0,0
8D6,149,2/26/15,280.69848,2/26/15,0,2,24,0.461538462,1:00:40,0:07:39,0:07:12,0:00:27,0.126098901,0.118681319,0.007417582,27,14,1.928571429,0:02:35,0:00:00,0:00:00,0.042582418,0,0,0:02:08,0:00:00,0:05:04,0.035164835,0,0.083516484,0:00:00,0:00:00,0,0
8D6,150,2/27/15,193.93311,2/27/15,0,2,24,0.461538462,0:30:09,0:00:00,0:00:00,0:00:00,0,0,0,7,7,1,0:00:00,0:00:00,0:00:00,0,0,0,0:00:00,0:00:00,0:00:00,0,0,0,0:00:00,0:00:00,0,0
8D6,66,2/4/15,325.70456,2/5/15,1,2,24,0.461538462,1:00:04,0:00:00,0:00:00,0:00:00,0,0,0,18,14,1.285714286,0:00:00,0:00:00,0:00:00,0,0,0,0:00:00,0:00:00,0:00:00,0,0,0,0:00:00,0:00:00,0,0
8D6,193,3/10/15,377.54422,3/10/15,0,3,24,0.461538462,0:30:18,0:06:24,0:06:24,0:00:00,0.211221122,0.211221122,0,11,7,1.571428571,0:00:00,0:00:00,0:00:00,0,0,0,0:00:00,0:00:00,0:06:24,0,0,0.211221122,0:00:00,0:00:00,0,0
8D6,248,3/24/15,666.76603,3/24/15,0,3,24,0.461538462,0:31:20,0:04:52,0:04:52,0:00:00,0.155319149,0.155319149,0,45,6,7.5,0:00:07,0:00:00,0:00:00,0.003723404,0,0,0:00:07,0:00:00,0:04:45,0.003723404,0,0.151595745,0:00:00,0:00:00,0,0
8D6,253,3/25/15,949.30364,3/25/15,0,3,24,0.461538462,0:30:01,0:05:52,0:05:52,0:00:00,0.195446974,0.195446974,0,14,7,2,0:00:00,0:00:00,0:00:00,0,0,0,0:00:00,0:00:00,0:05:52,0,0,0.195446974,0:00:04,0:00:00,0.002221,0
8D6,258,3/26/15,605.51936,3/26/15,0,3,24,0.461538462,0:31:04,0:02:52,0:00:00,0:02:52,0.092274678,0,0.092274678,45,7,6.428571429,0:00:00,0:00:00,0:00:00,0,0,0,0:00:00,0:00:00,0:00:00,0,0,0,0:00:00,0:00:00,0,0
8D6,278,4/1/15,419.73058,4/1/15,0,4,24,0.461538462,0:30:45,0:00:00,0:00:00,0:00:00,0,0,0,48,7,6.857142857,0:00:00,0:00:00,0:00:00,0,0,0,0:00:00,0:00:00,0:00:00,0,0,0,0:00:00,0:00:00,0,0
8D6,329,4/14/15,807.77552,4/14/15,0,4,24,0.461538462,0:30:10,0:00:00,0:00:00,0:00:00,0,0,0,41,14,2.928571429,0:00:00,0:00:00,0:00:00,0,0,0,0:00:00,0:00:00,0:00:00,0,0,0,0:00:00,0:00:00,0,0
8D6,286,4/2/15,377.20355,4/2/15,0,4,24,0.461538462,0:30:23,0:00:00,0:00:00,0:00:00,0,0,0,25,6,4.166666667,0:00:00,0:00:00,0:00:00,0,0,0,0:00:00,0:00:00,0:00:00,0,0,0,0:00:00,0:00:00,0,0
8D6,377,4/21/15,523.06127,4/21/15,0,4,24,0.461538462,1:01:01,0:04:33,0:00:23,0:04:10,0.07456979,0.006282436,0.068287353,102,13,7.846153846,0:00:00,0:00:00,0:00:00,0,0,0,0:00:00,0:00:00,0:00:23,0,0,0.006282436,0:00:00,0:00:00,0,0
8D6,383,4/22/15,707.54208,4/22/15,0,4,24,0.461538462,0:30:25,0:00:00,0:00:00,0:00:00,0,0,0,72,7,10.28571429,0:00:00,0:00:00,0:00:00,0,0,0,0:00:00,0:00:00,0:00:00,0,0,0,0:00:00,0:00:00,0,0
8D6,317,4/9/15,248.42223,4/8/15,-1,4,24,0.461538462,0:30:17,0:00:00,0:00:00,0:00:00,0,0,0,45,7,6.428571429,0:00:00,0:00:00,0:00:00,0,0,0,0:00:00,0:00:00,0:00:00,0,0,0,0:00:00,0:00:00,0,0
9F9,153,2/27/15,129.73968,2/27/15,0,2,21,0.403846154,0:30:07,0:00:00,0:00:00,0:00:00,0,0,0,7,7,1,0:00:00,0:00:00,0:00:00,0,0,0,0:00:00,0:00:00,0:00:00,0,0,0,0:00:00,0:00:00,0,0
9F9,204,3/13/15,278.99975,3/11/15,-2,3,21,0.403846154,1:01:06,0:00:00,0:00:00,0:00:00,0,0,0,54,14,3.857142857,0:00:00,0:00:00,0:00:00,0,0,0,0:00:00,0:00:00,0:00:00,0,0,0,0:00:00,0:00:00,0,0
9F9,215,3/17/15,268.30760,3/17/15,0,3,21,0.403846154,1:06:27,0:11:08,0:00:26,0:10:42,0.16754452,0.006521194,0.161023326,45,14,3.214285714,0:11:08,0:00:00,0:00:00,0.16754452,0,0,0:00:26,0:00:00,0:00:00,0.006521194,0,0,0:00:03,0:00:00,0.000752,0
9F9,238,3/23/15,177.14793,3/23/15,0,3,21,0.403846154,0:30:28,0:00:00,0:00:00,0:00:00,0,0,0,47,7,6.714285714,0:00:00,0:00:00,0:00:00,0,0,0,0:00:00,0:00:00,0:00:00,0,0,0,0:00:03,0:00:00,0.001641,0
9F9,176,3/4/15,171.05469,3/3/15,-1,3,21,0.403846154,1:00:45,0:06:41,0:00:22,0:06:19,0.110013717,0.006035665,0.103978052,65,14,4.642857143,0:06:41,0:00:00,0:00:00,0.110013717,0,0,0:00:22,0:00:00,0:00:00,0.006035665,0,0,0:00:00,0:21:39,0,0.356379
9F9,191,3/9/15,264.91954,3/9/15,0,3,21,0.403846154,0:30:17,0:00:00,0:00:00,0:00:00,0,0,0,11,7,1.571428571,0:00:00,0:00:00,0:00:00,0,0,0,0:00:00,0:00:00,0:00:00,0,0,0,0:00:00,0:00:00,0,0
9F9,277,4/1/15,629.66540,4/1/15,0,4,21,0.403846154,1:00:35,0:00:00,0:00:00,0:00:00,0,0,0,40,13,3.076923077,0:00:00,0:00:00,0:00:00,0,0,0,0:00:00,0:00:00,0:00:00,0,0,0,0:00:00,0:00:00,0,0
9F9,358,4/17/15,174.12749,4/15/15,-2,4,21,0.403846154,1:02:20,0:07:28,0:00:00,0:07:28,0.119786096,0,0.119786096,78,14,5.571428571,0:07:28,0:00:00,0:00:00,0.119786096,0,0,0:00:00,0:00:00,0:00:00,0,0,0,0:00:00,0:00:00,0,0
9F9,369,4/20/15,316.34551,4/20/15,0,4,21,0.403846154,0:30:11,0:00:00,0:00:00,0:00:00,0,0,0,10,7,1.428571429,0:00:00,0:00:00,0:00:00,0,0,0,0:00:00,0:00:00,0:00:00,0,0,0,0:00:00,0:00:00,0,0
9F9,375,4/21/15,301.20672,4/21/15,0,4,21,0.403846154,0:30:47,0:00:00,0:00:00,0:00:00,0,0,0,10,7,1.428571429,0:00:00,0:00:00,0:00:00,0,0,0,0:00:00,0:00:00,0:00:00,0,0,0,0:00:00,0:00:00,0,0
9F9,385,4/22/15,249.53834,4/22/15,0,4,21,0.403846154,0:30:28,0:00:00,0:00:00,0:00:00,0,0,0,10,7,1.428571429,0:00:00,0:00:00,0:00:00,0,0,0,0:00:00,0:00:00,0:00:00,0,0,0,0:00:00,0:00:00,0,0
9F9,292,4/6/15,483.38182,4/6/15,0,4,21,0.403846154,0:30:04,0:00:00,0:00:00,0:00:00,0,0,0,17,7,2.428571429,0:00:00,0:00:00,0:00:00,0,0,0,0:00:00,0:00:00,0:00:00,0,0,0,0:00:00,0:00:00,0,0