ID,GC_SampleNo,GC_Date,GC.final.conc,Behav_Date,DateDiff,Month,Rank,RelRank,TotalObservedTime,Total.GR,Total.GR.Rec,Total.GR.Given,FreqTotalGR,FreqGRRec,FreqGRGiven,ProxAll,ProxAF,ProxAM,ProxJuv,Scansperday,FreqAllProx,FreqAFProx,FreqAMProx,FreqJuvProx,TimeSpentConsort,FreqTimeSpentConsort,TimeSpentCop,FreqTimeSpentCop
0G8,41,1/26/15,670.3448276,1/26/15,0,1,27,0.519230769,0:30:22,0:00:00,0:00:00,0:00:00,0,0,0,15,1,4,9,7,2.142857143,0.142857143,0.571428571,1.285714286,0:00:00,0,0:00:00,0
0G8,83,2/10/15,1102.5,2/10/15,0,2,27,0.519230769,1:00:44,0:06:24,0:06:24,0:00:00,0.105378705,0.105378705,0,7,1,2,4,14,0.5,0.071428571,0.142857143,0.285714286,0:00:00,0,0:00:00,0
0G8,99,2/17/15,930,2/17/15,0,2,27,0.519230769,0:15:44,0:00:00,0:00:00,0:00:00,0,0,0,12,4,2,6,4,3,1,0.5,1.5,0:00:00,0,0:00:00,0
0G8,59,2/3/15,1544.727273,2/2/15,1,2,27,0.519230769,0:31:07,0:00:00,0:00:00,0:00:00,0,0,0,17,3,2,12,6,2.833333333,0.5,0.333333333,2,0:00:00,0,0:00:00,0
0G8,118,2/23/15,1257.931034,2/23/15,0,2,27,0.519230769,0:30:15,0:03:20,0:03:20,0:00:00,0.110192837,0.110192837,0,12,2,3,7,7,1.714285714,0.285714286,0.428571429,1,0:00:00,0,0:00:07,0.003856749
0G8,67,2/5/15,1276.981132,2/5/15,0,2,27,0.519230769,0:30:04,0:00:00,0:00:00,0:00:00,0,0,0,7,1,0,6,7,1,0.142857143,0,0.857142857,0:00:00,0,0:00:06,0.003325942
0G8,190,3/18/15,941.5384615,3/16/15,2,3,27,0.519230769,0:30:18,0:00:00,0:00:00,0:00:00,0,0,0,10,4,4,2,7,1.428571429,0.571428571,0.571428571,0.285714286,0:00:00,0,0:00:06,0.00330033
0G8,211,3/24/15,792.6688964,3/23/15,1,3,27,0.519230769,0:30:17,0:00:00,0:00:00,0:00:00,0,0,0,6,3,0,3,6,1,0.5,0,0.5,0:00:00,0,0:00:00,0
0G8,152,3/6/15,1113.962264,3/4/15,2,3,27,0.519230769,1:30:49,0:00:51,0:00:51,0:00:00,0.009359516,0.009359516,0,51,10,8,33,21,2.428571429,0.476190476,0.380952381,1.571428571,0:00:00,0,0:00:00,0
0G8,156,3/9/15,1204.363636,3/9/15,0,3,27,0.519230769,0:30:53,0:00:00,0:00:00,0:00:00,0,0,0,29,9,4,16,7,4.142857143,1.285714286,0.571428571,2.285714286,0:00:00,0,0:00:00,0
0J0,38,1/26/15,950.5882353,1/26/15,0,1,20,0.384615385,1:01:45,0:05:51,0:05:51,0:00:00,0.094736842,0.094736842,0,47,13,11,22,14,3.357142857,0.928571429,0.785714286,1.571428571,0:00:00,0,0:00:00,0
0J0,52,1/30/15,1302.857143,1/29/15,1,1,20,0.384615385,0:30:53,0:04:52,0:04:52,0:00:00,0.157582299,0.157582299,0,7,4,2,1,7,1,0.571428571,0.285714286,0.142857143,0:00:00,0,0:00:00,0
0J0,111,2/20/15,1223.529412,2/17/15,3,2,20,0.384615385,0:20:54,0:00:00,0:00:00,0:00:00,0,0,0,2,0,0,2,4,0.5,0,0,0.5,0:00:00,0,0:00:00,0
0J0,116,2/23/15,1075.555556,2/23/15,0,2,20,0.384615385,0:56:19,0:06:00,0:05:54,0:00:06,0.106540397,0.104764723,0.001775673,51,20,2,29,13,3.923076923,1.538461538,0.153846154,2.230769231,0:00:00,0,0:00:06,0.001775673
0J0,73,2/6/15,2017.5,2/4/15,2,2,20,0.384615385,0:30:11,0:10:17,0:09:14,0:01:03,0.340695748,0.305908338,0.03478741,15,5,0,10,7,2.142857143,0.714285714,0,1.428571429,0:00:00,0,0:00:03,0.001656543
0J0,76,2/9/15,1432.615385,2/9/15,0,2,20,0.384615385,0:30:17,0:03:21,0:03:21,0:00:00,0.110621904,0.110621904,0,13,4,0,9,6,2.166666667,0.666666667,0,1.5,0:00:00,0,0:00:00,0
0J0,200,3/20/15,1000.677966,3/18/15,2,3,20,0.384615385,0:30:23,0:08:52,0:08:52,0:00:00,0.291826659,0.291826659,0,21,7,0,14,7,3,1,0,2,0:00:00,0,0:00:00,0
0J0,141,3/2/15,1285.714286,3/2/15,0,3,20,0.384615385,0:30:11,0:14:00,0:14:00,0:00:00,0.463832137,0.463832137,0,31,9,3,19,7,4.428571429,1.285714286,0.428571429,2.714285714,0:00:00,0,0:00:00,0
0J0,219,3/27/15,1054.285714,3/25/15,2,3,20,0.384615385,0:29:55,0:05:52,0:05:52,0:00:00,0.196100279,0.196100279,0,15,3,3,9,6,2.5,0.5,0.5,1.5,0:00:00,0,0:00:00,0
0J0,231,4/1/15,598.0327869,3/30/15,2,3,20,0.384615385,0:30:13,0:01:13,0:01:13,0:00:00,0.040264755,0.040264755,0,13,4,2,7,7,1.857142857,0.571428571,0.285714286,1,0:00:00,0,0:00:00,0
0J0,168,3/11/15,1099.636364,3/9/15,2,3,20,0.384615385,0:30:30,0:00:00,0:00:00,0:00:00,0,0,0,15,1,2,12,7,2.142857143,0.142857143,0.285714286,1.714285714,0:00:00,0,0:00:00,0
0J1,42,1/26/15,560,1/23/15,3,1,18,0.346153846,0:30:36,0:00:00,0:00:00,0:00:00,0,0,0,20,3,3,14,7,2.857142857,0.428571429,0.428571429,2,0:00:00,0,0:00:00,0
0J1,92,2/17/15,800,2/16/15,1,2,18,0.346153846,1:00:34,0:07:27,0:07:27,0:00:00,0.123004953,0.123004953,0,41,14,4,23,14,2.928571429,1,0.285714286,1.642857143,0:00:00,0,0:00:36,0.009906439
0J1,64,2/4/15,518.7096774,2/2/15,2,2,18,0.346153846,0:30:25,0:00:00,0:00:00,0:00:00,0,0,0,20,3,5,12,7,2.857142857,0.428571429,0.714285714,1.714285714,0:00:00,0,0:00:00,0
0J1,75,2/9/15,600,2/9/15,0,2,18,0.346153846,0:30:15,0:11:19,0:11:19,0:00:00,0.374104683,0.374104683,0,29,9,2,18,7,4.142857143,1.285714286,0.285714286,2.571428571,0:00:00,0,0:00:00,0
0J1,177,3/16/15,367.0588235,3/16/15,0,3,18,0.346153846,1:01:03,0:00:00,0:00:00,0:00:00,0,0,0,168,54,14,100,12,14,4.5,1.166666667,8.333333333,0:00:00,0,0:00:00,0
0J1,205,3/23/15,600,3/23/15,0,3,18,0.346153846,1:02:19,0:18:14,0:02:20,0:15:54,0.292591602,0.037443167,0.255148435,68,29,8,31,14,4.857142857,2.071428571,0.571428571,2.214285714,0:00:00,0,0:00:06,0.001604707
0J1,147,3/4/15,673.8461538,3/3/15,1,3,18,0.346153846,0:32:16,0:04:18,0:00:00,0:04:18,0.133264463,0,0.133264463,24,6,2,16,7,3.428571429,0.857142857,0.285714286,2.285714286,0:11:37,0.360021,0:00:46,0.023760331
0J1,227,3/31/15,620.3076923,3/30/15,1,3,18,0.346153846,0:30:37,0:02:53,0:00:00,0:02:53,0.094175286,0,0.094175286,27,11,2,14,7,3.857142857,1.571428571,0.285714286,2,0:00:00,0,0:00:00,0
0J1,172,3/11/15,1028.571429,3/9/15,2,3,18,0.346153846,0:30:16,0:00:00,0:00:00,0:00:00,0,0,0,56,10,9,37,7,8,1.428571429,1.285714286,5.285714286,0:00:00,0,0:00:44,0.024229075
0J8,86,2/10/15,535.3846154,2/10/15,0,2,32,0.615384615,0:29:55,0:00:00,0:00:00,0:00:00,0,0,0,17,2,2,13,7,2.428571429,0.285714286,0.285714286,1.857142857,0:00:00,0,0:00:00,0
0J8,108,2/19/15,232.9411765,2/18/15,1,2,32,0.615384615,0:31:14,0:07:38,0:05:10,0:02:28,0.244397012,0.165421558,0.078975454,18,0,9,8,7,2.571428571,0,1.285714286,1.142857143,0:00:00,0,0:00:11,0.005869797
0J8,120,2/24/15,358.2089552,2/24/15,0,2,32,0.615384615,0:22:45,0:00:00,0:00:00,0:00:00,0,0,0,0,0,0,0,5,0,0,0,0,0:00:00,0,0:00:00,0
0J8,176,3/12/15,508.2352941,3/12/15,0,3,32,0.615384615,1:31:11,0:30:22,0:19:25,0:10:57,0.333028697,0.212940961,0.120087735,39,2,5,32,21,1.857142857,0.095238095,0.238095238,1.523809524,0:54:35,0.598611,0:02:43,0.029793456
0J8,192,3/18/15,335.3424658,3/17/15,1,3,32,0.615384615,0:30:07,0:00:00,0:00:00,0:00:00,0,0,0,1,0,0,1,7,0.142857143,0,0,0.142857143,0:00:00,0,0:00:00,0
0J8,220,3/27/15,516.9230769,3/24/15,3,3,32,0.615384615,0:30:05,0:00:00,0:00:00,0:00:00,0,0,0,1,0,1,0,7,0.142857143,0,0.142857143,0,0:00:00,0,0:00:00,0
1E5,24,1/20/15,211.7647059,1/20/15,0,1,25,0.480769231,0:45:10,0:00:00,0:00:00,0:00:00,0,0,0,6,4,0,1,10,0.6,0.4,0,0.1,0:00:00,0,0:00:00,0
1E5,40,1/26/15,497.4545455,1/26/15,0,1,25,0.480769231,0:30:16,0:00:00,0:00:00,0:00:00,0,0,0,7,0,2,5,7,1,0,0.285714286,0.714285714,0:00:00,0,0:00:00,0
1E5,49,1/28/15,1028.571429,1/28/15,0,1,25,0.480769231,1:00:26,0:08:22,0:04:34,0:03:48,0.138444567,0.075565361,0.062879206,9,1,0,3,14,0.642857143,0.071428571,0,0.214285714,0:00:00,0,0:00:00,0
1E5,98,2/17/15,1080,2/17/15,0,2,25,0.480769231,1:00:36,0:00:00,0:00:00,0:00:00,0,0,0,6,1,1,4,14,0.428571429,0.071428571,0.071428571,0.285714286,0:00:00,0,0:00:00,0
1E5,103,2/18/15,584.7272727,2/18/15,0,2,25,0.480769231,0:30:27,0:00:00,0:00:00,0:00:00,0,0,0,10,1,1,8,6,1.666666667,0.166666667,0.166666667,1.333333333,0:00:00,0,0:00:00,0
1E5,131,2/26/15,320,2/26/15,0,2,25,0.480769231,0:25:29,0:00:00,0:00:00,0:00:00,0,0,0,7,2,3,2,6,1.166666667,0.333333333,0.5,0.333333333,0:00:00,0,0:00:00,0
1E5,62,2/3/15,2393.239437,2/3/15,0,2,25,0.480769231,0:29:49,0:00:00,0:00:00,0:00:00,0,0,0,1,0,0,1,6,0.166666667,0,0,0.166666667,0:00:00,0,0:00:00,0
1E5,81,2/10/15,590.1639344,2/9/15,1,2,25,0.480769231,0:30:26,0:14:03,0:14:01,0:00:02,0.461664841,0.460569551,0.00109529,5,3,0,2,7,0.714285714,0.428571429,0,0.285714286,0:16:59,0.55805,0:00:00,0
1E5,175,3/12/15,661.6216216,3/12/15,0,3,25,0.480769231,0:30:15,0:00:00,0:00:00,0:00:00,0,0,0,0,0,0,0,7,0,0,0,0,0:00:00,0,0:00:00,0
1E5,195,3/18/15,366.1016949,3/18/15,0,3,25,0.480769231,0:30:34,0:01:43,0:01:43,0:00:00,0.056161396,0.056161396,0,10,2,2,6,7,1.428571429,0.285714286,0.285714286,0.857142857,0:00:00,0,0:00:00,0
1E5,137,3/2/15,637.2413793,3/2/15,0,3,25,0.480769231,0:29:33,0:00:00,0:00:00,0:00:00,0,0,0,2,0,0,2,7,0.285714286,0,0,0.285714286,0:00:00,0,0:00:00,0
2J9,84,2/10/15,471.7241379,2/10/15,0,2,29,0.557692308,0:30:58,0:00:00,0:00:00,0:00:00,0,0,0,50,14,4,32,7,7.142857143,2,0.571428571,4.571428571,0:00:00,0,0:00:00,0
2J9,104,2/18/15,435.2109777,2/16/15,2,2,29,0.557692308,0:32:18,0:13:25,0:07:53,0:05:32,0.415376677,0.244066047,0.17131063,6,1,2,3,7,0.857142857,0.142857143,0.285714286,0.428571429,0:00:00,0,0:00:00,0
2J9,113,2/20/15,867.6923077,2/20/15,0,2,29,0.557692308,1:00:38,0:01:52,0:00:00,0:01:52,0.030786146,0,0.030786146,50,17,6,26,14,3.571428571,1.214285714,0.428571429,1.857142857,0:00:00,0,0:00:00,0
2J9,117,2/23/15,1542.857143,2/23/15,0,2,29,0.557692308,1:00:45,0:00:00,0:00:00,0:00:00,0,0,0,36,12,5,19,14,2.571428571,0.857142857,0.357142857,1.357142857,0:00:00,0,0:00:00,0
2J9,166,3/10/15,618.9473684,3/10/15,0,3,29,0.557692308,0:30:24,0:00:00,0:00:00,0:00:00,0,0,0,10,4,1,5,7,1.428571429,0.571428571,0.142857143,0.714285714,0:00:00,0,0:00:00,0
2J9,184,3/16/15,1251.428571,3/16/15,0,3,29,0.557692308,1:00:41,0:15:00,0:13:05,0:01:55,0.247184839,0.21560011,0.031584729,36,14,4,18,14,2.571428571,1,0.285714286,1.285714286,0:00:00,0,0:00:00,0
2J9,202,3/23/15,277.8947368,3/20/15,3,3,29,0.557692308,0:31:12,0:07:43,0:07:43,0:00:00,0.24732906,0.24732906,0,92,28,10,54,7,13.14285714,4,1.428571429,7.714285714,0:00:00,0,0:00:00,0
2J9,230,3/31/15,664,3/31/15,0,3,29,0.557692308,0:30:05,0:00:50,0:00:50,0:00:00,0.027700831,0.027700831,0,9,1,0,8,7,1.285714286,0.142857143,0,1.142857143,0:00:00,0,0:00:00,0
2J9,153,3/6/15,1534.117647,3/6/15,0,3,29,0.557692308,1:01:08,0:19:06,0:18:06,0:01:00,0.312431843,0.296074155,0.016357688,51,21,6,24,14,3.642857143,1.5,0.428571429,1.714285714,0:11:01,0.180207,0:00:00,0
3I2,94,2/17/15,572.3076923,2/17/15,0,2,14,0.269230769,0:44:11,0:00:02,0:00:00,0:00:02,0.000754432,0,0.000754432,36,16,7,13,9,4,1.777777778,0.777777778,1.444444444,0:00:00,0,0:00:41,0.015465862
3I2,66,2/4/15,555.2941176,2/2/15,2,2,14,0.269230769,0:30:43,0:00:02,0:00:02,0:00:00,0.001085187,0.001085187,0,18,7,2,9,7,2.571428571,1,0.285714286,1.285714286,0:00:00,0,0:00:00,0
3I2,130,2/26/15,892.8,2/24/15,2,2,14,0.269230769,0:30:22,0:03:37,0:03:37,0:00:00,0.11909989,0.11909989,0,15,1,2,12,7,2.142857143,0.142857143,0.285714286,1.714285714,0:00:00,0,0:00:51,0.027991218
3I2,77,2/9/15,884.6783626,2/9/15,0,2,14,0.269230769,0:35:52,0:01:31,0:01:31,0:00:00,0.042286245,0.042286245,0,19,4,0,15,6,3.166666667,0.666666667,0,2.5,0:00:00,0,0:00:00,0
3I2,178,3/16/15,1017.931034,3/13/15,3,3,14,0.269230769,0:30:31,0:07:23,0:07:23,0:00:00,0.241944293,0.241944293,0,77,25,5,47,7,11,3.571428571,0.714285714,6.714285714,0:28:22,0.929546696,0:00:09,0.004915347
3I2,206,3/23/15,432,3/23/15,0,3,14,0.269230769,0:30:00,0:00:00,0:00:00,0:00:00,0,0,0,51,21,7,21,5,10.2,4.2,1.4,4.2,0:00:00,0,0:00:00,0
3I2,214,3/24/15,852.4137931,3/24/15,0,3,14,0.269230769,0:29:53,0:15:59,0:15:20,0:00:39,0.53485778,0.513106525,0.021751255,43,8,3,32,8,5.375,1,0.375,4,0:00:00,0,0:00:00,0
3I2,229,3/31/15,536.4705882,3/31/15,0,3,14,0.269230769,0:30:08,0:20:37,0:03:14,0:17:23,0.684181416,0.107300885,0.576880531,10,6,2,2,7,1.428571429,0.857142857,0.285714286,0.285714286,0:00:00,0,0:00:19,0.01050885
3I2,154,3/6/15,581.0526316,3/4/15,2,3,14,0.269230769,0:30:56,0:11:36,0:11:36,0:00:00,0.375,0.375,0,45,20,11,14,7,6.428571429,2.857142857,1.571428571,2,0:00:00,0,0:00:00,0
3I2,163,3/9/15,452.3076923,3/9/15,0,3,14,0.269230769,0:20:51,0:00:00,0:00:00,0:00:00,0,0,0,19,6,4,9,5,3.8,1.2,0.8,1.8,0:00:00,0,0:00:00,0
3I3,23,1/20/15,299.1304348,1/16/15,4,1,12,0.230769231,0:45:38,0:12:34,0:12:34,0:00:00,0.275383492,0.275383492,0,26,6,5,15,10,2.6,0.6,0.5,1.5,0:00:00,0,0:00:00,0
3I3,37,1/26/15,655.3846154,1/26/15,0,1,12,0.230769231,0:32:10,0:00:00,0:00:00,0:00:00,0,0,0,19,6,0,13,7,2.714285714,0.857142857,0,1.857142857,0:00:00,0,0:01:27,0.04507772
3I3,101,2/17/15,907.6363636,2/17/15,0,2,12,0.230769231,0:30:53,0:00:13,0:00:13,0:00:00,0.00701565,0.00701565,0,33,17,0,16,7,4.714285714,2.428571429,0,2.285714286,0:00:00,0,0:00:12,0.006475985
3I3,123,2/24/15,748.8,2/23/15,1,2,12,0.230769231,0:31:01,0:05:47,0:05:47,0:00:00,0.186458893,0.186458893,0,20,13,0,7,7,2.857142857,1.857142857,0,1,0:00:00,0,0:00:54,0.029016658
3I3,70,2/5/15,677.1428571,2/5/15,0,2,12,0.230769231,0:30:12,0:02:56,0:02:06,0:00:50,0.097130243,0.069536424,0.027593819,23,9,5,9,7,3.285714286,1.285714286,0.714285714,1.285714286,0:00:00,0,0:02:18,0.07615894
3I3,79,2/9/15,751.3043478,2/9/15,0,2,12,0.230769231,1:01:39,0:18:10,0:17:23,0:00:47,0.294674236,0.281968099,0.012706137,43,16,6,21,13,3.307692308,1.230769231,0.461538462,1.615384615,0:00:00,0,0:00:02,0.000540687
3I3,187,3/17/15,663.2727273,3/17/15,0,3,12,0.230769231,1:34:46,0:33:27,0:22:54,0:10:33,0.352972212,0.241646148,0.111326064,116,41,21,54,19,6.105263158,2.157894737,1.105263158,2.842105263,1:01:50,0.65248,0:00:46,0.008090046
3I3,221,3/27/15,1416.774194,3/25/15,2,3,12,0.230769231,0:30:13,0:00:00,0:00:00,0:00:00,0,0,0,32,13,13,6,7,4.571428571,1.857142857,1.857142857,0.857142857,0:00:00,0,0:00:00,0
3I3,143,3/3/15,790.5882353,3/3/15,0,3,12,0.230769231,1:00:40,0:00:00,0:00:00,0:00:00,0,0,0,33,17,6,10,14,2.357142857,1.214285714,0.428571429,0.714285714,0:16:48,0.276923,0:00:27,0.007417582
3I3,167,3/10/15,686.8965517,3/9/15,1,3,12,0.230769231,0:30:16,0:23:58,0:23:58,0:00:00,0.79185022,0.79185022,0,37,15,0,22,7,5.285714286,2.142857143,0,3.142857143,0:00:00,0,0:00:00,0
3I5,31,1/21/15,838.0952381,1/19/15,2,1,13,0.25,0:45:49,0:09:05,0:03:13,0:05:52,0.198253911,0.070207348,0.128046562,11,11,0,0,10,1.1,1.1,0,0,0:00:00,0,0:03:45,0.081847945
3I5,50,1/29/15,735.483871,1/26/15,3,1,13,0.25,0:30:35,0:08:40,0:07:28,0:01:12,0.283378747,0.244141689,0.039237057,53,18,11,24,7,7.571428571,2.571428571,1.571428571,3.428571429,0:00:00,0,0:00:00,0
3I5,132,2/27/15,642.5806452,2/25/15,2,2,13,0.25,0:29:00,0:00:00,0:00:00,0:00:00,0,0,0,4,2,0,2,7,0.571428571,0.285714286,0,0.285714286,0:00:00,0,0:00:00,0
3I5,65,2/4/15,771.7647059,2/3/15,1,2,13,0.25,0:29:56,0:00:00,0:00:00,0:00:00,0,0,0,35,5,3,27,7,5,0.714285714,0.428571429,3.857142857,0:00:00,0,0:00:00,0
3I5,180,3/16/15,486.8571429,3/16/15,0,3,13,0.25,1:00:34,0:05:33,0:05:33,0:00:00,0.091634562,0.091634562,0,62,15,16,31,14,4.428571429,1.071428571,1.142857143,2.214285714,0:00:00,0,0:00:00,0
3I5,197,3/19/15,841.8461538,3/19/15,0,3,13,0.25,0:30:39,0:05:43,0:00:00,0:05:43,0.18651441,0,0.18651441,47,19,7,21,7,6.714285714,2.714285714,1,3,0:19:51,0.647635,0:00:08,0.00435019
3I5,139,3/2/15,960,3/2/15,0,3,13,0.25,0:22:13,0:00:04,0:00:00,0:00:04,0.00300075,0,0.00300075,10,4,3,2,4,2.5,1,0.75,0.5,0:00:00,0,0:00:00,0
3I5,203,3/23/15,648,3/23/15,0,3,13,0.25,1:31:51,0:15:44,0:10:19,0:05:25,0.171293776,0.112320813,0.058972963,108,23,24,61,21,5.142857143,1.095238095,1.142857143,2.904761905,0:00:00,0,0:00:00,0
3I5,216,3/25/15,462.8571429,3/25/15,0,3,13,0.25,0:27:45,0:00:00,0:00:00,0:00:00,0,0,0,9,2,3,4,6,1.5,0.333333333,0.5,0.666666667,0:00:00,0,0:00:00,0
3I5,144,3/3/15,702.0895522,3/3/15,0,3,13,0.25,0:58:51,0:18:16,0:18:16,0:00:00,0.310393656,0.310393656,0,49,27,3,19,13,3.769230769,2.076923077,0.230769231,1.461538462,0:23:39,0.401869,0:00:25,0.007080147
3I5,233,4/1/15,615.2112676,3/30/15,2,3,13,0.25,0:30:12,0:16:22,0:16:22,0:00:00,0.541942605,0.541942605,0,18,3,4,11,7,2.571428571,0.428571429,0.571428571,1.571428571,0:00:00,0,0:00:00,0
3I5,161,3/9/15,394.0298507,3/9/15,0,3,13,0.25,0:29:56,0:00:00,0:00:00,0:00:00,0,0,0,26,10,5,11,7,3.714285714,1.428571429,0.714285714,1.571428571,0:00:00,0,0:00:02,0.001113586
4I8,53,1/30/15,566.4,1/29/15,1,1,16,0.307692308,0:30:11,0:00:00,0:00:00,0:00:00,0,0,0,5,2,1,2,6,0.833333333,0.333333333,0.166666667,0.333333333,0:00:00,0,0:00:00,0
4I8,102,2/18/15,524.4444444,2/16/15,2,2,16,0.307692308,0:30:35,0:06:12,0:06:12,0:00:00,0.202724796,0.202724796,0,21,12,6,3,7,3,1.714285714,0.857142857,0.428571429,0:00:00,0,0:00:02,0.001089918
4I8,119,2/24/15,505.862069,2/24/15,0,2,16,0.307692308,1:31:14,0:27:50,0:27:50,0:00:00,0.305078553,0.305078553,0,57,11,7,38,21,2.714285714,0.523809524,0.333333333,1.80952381,0:00:00,0,0:00:00,0
4I8,182,3/16/15,260.3389831,3/13/15,3,3,16,0.307692308,0:31:08,0:00:00,0:00:00,0:00:00,0,0,0,47,14,9,24,7,6.714285714,2,1.285714286,3.428571429,0:00:00,0,0:00:00,0
4I8,136,3/2/15,498.4615385,3/2/15,0,3,16,0.307692308,0:30:24,0:14:06,0:09:31,0:04:35,0.463815789,0.313048246,0.150767544,20,3,5,12,7,2.857142857,0.428571429,0.714285714,1.714285714,0:00:00,0,0:00:13,0.007127193
4I8,162,3/9/15,371.3207547,3/6/15,3,3,16,0.307692308,0:31:00,0:00:00,0:00:00,0:00:00,0,0,0,22,7,2,13,7,3.142857143,1,0.285714286,1.857142857,0:00:00,0,0:00:00,0
5B2,21,1/19/15,1052.307692,1/19/15,0,1,8,0.153846154,0:46:50,0:00:00,0:00:00,0:00:00,0,0,0,7,2,0,5,10,0.7,0.2,0,0.5,0:00:00,0,0:00:00,0
5B2,39,1/26/15,1456.842105,1/23/15,3,1,8,0.153846154,1:00:53,0:27:57,0:12:19,0:15:38,0.459074733,0.20229948,0.256775253,84,50,2,32,14,6,3.571428571,0.142857143,2.285714286,0:00:00,0,0:00:14,0.003832466
5B2,97,2/17/15,1006.451613,2/16/15,1,2,8,0.153846154,0:34:36,0:00:00,0:00:00,0:00:00,0,0,0,30,13,1,16,7,4.285714286,1.857142857,0.142857143,2.285714286,0:00:00,0,0:00:00,0
5B2,126,2/25/15,824,2/23/15,2,2,8,0.153846154,1:00:36,0:00:00,0:00:00,0:00:00,0,0,0,124,39,11,74,14,8.857142857,2.785714286,0.785714286,5.285714286,0:00:00,0,0:00:01,0.000275028
5B2,71,2/6/15,1734.193548,2/5/15,1,2,8,0.153846154,1:00:56,0:15:23,0:00:00,0:15:23,0.252461707,0,0.252461707,82,32,9,40,13,6.307692308,2.461538462,0.692307692,3.076923077,0:00:00,0,0:00:00,0
5B2,179,3/16/15,882.1621622,3/16/15,0,3,8,0.153846154,0:30:43,0:02:08,0:00:26,0:01:42,0.06945198,0.014107434,0.055344547,51,19,3,29,7,7.285714286,2.714285714,0.428571429,4.142857143,0:00:00,0,0:00:11,0.00596853
5B2,148,3/4/15,1571.612903,3/2/15,2,3,8,0.153846154,0:31:36,0:08:14,0:05:18,0:02:56,0.260548523,0.167721519,0.092827004,21,6,2,13,7,3,0.857142857,0.285714286,1.857142857,0:27:31,0.870780591,0:00:48,0.025316456
5B2,208,3/23/15,739.6721311,3/23/15,0,3,8,0.153846154,0:33:23,0:11:25,0:01:32,0:09:53,0.341987019,0.045931103,0.296055916,77,30,4,43,7,11,4.285714286,0.571428571,6.142857143,0:30:46,0.921618,0:00:05,0.002496256
5B2,160,3/9/15,912.9411765,3/9/15,0,3,8,0.153846154,0:30:39,0:00:00,0:00:00,0:00:00,0,0,0,19,4,6,9,7,2.714285714,0.571428571,0.857142857,1.285714286,0:00:00,0,0:00:00,0
5G2,19,1/19/15,507.1698113,1/16/15,3,1,31,0.596153846,0:45:34,0:00:00,0:00:00,0:00:00,0,0,0,8,0,3,5,10,0.8,0,0.3,0.5,0:00:00,0,0:00:00,0
5G2,55,1/30/15,840,1/28/15,2,1,31,0.596153846,1:01:28,0:00:00,0:00:00,0:00:00,0,0,0,18,0,8,10,13,1.384615385,0,0.615384615,0.769230769,0:00:00,0,0:00:00,0
5G2,100,2/17/15,688.6956522,2/17/15,0,2,31,0.596153846,0:34:43,0:00:00,0:00:00,0:00:00,0,0,0,6,1,1,4,6,1,0.166666667,0.166666667,0.666666667,0:00:00,0,0:00:53,0.025444071
5G2,107,2/19/15,656,2/19/15,0,2,31,0.596153846,0:27:45,0:00:00,0:00:00,0:00:00,0,0,0,5,1,0,4,6,0.833333333,0.166666667,0,0.666666667,0:00:00,0,0:00:00,0
5G2,115,2/23/15,619.6363636,2/23/15,0,2,31,0.596153846,0:30:16,0:17:55,0:06:09,0:11:46,0.591960352,0.203193833,0.38876652,9,0,8,1,7,1.285714286,0,1.142857143,0.142857143,0:00:00,0,0:00:00,0
5G2,63,2/3/15,487.6190476,2/3/15,0,2,31,0.596153846,0:30:28,0:10:56,0:10:27,0:00:29,0.358862144,0.342997812,0.015864333,9,0,1,8,7,1.285714286,0,0.142857143,1.142857143,0:00:00,0,0:00:00,0
5G2,82,2/10/15,797.6470588,2/9/15,1,2,31,0.596153846,0:30:44,0:00:00,0:00:00,0:00:00,0,0,0,10,2,3,5,7,1.428571429,0.285714286,0.428571429,0.714285714,0:00:00,0,0:00:00,0
5G2,191,3/18/15,923.7735849,3/18/15,0,3,31,0.596153846,1:30:55,0:00:11,0:00:00,0:00:11,0.002016499,0,0.002016499,47,9,16,22,21,2.238095238,0.428571429,0.761904762,1.047619048,0:00:00,0,0:00:00,0
5G2,146,3/3/15,741.0526316,3/2/15,1,3,31,0.596153846,1:00:15,0:04:04,0:00:00,0:04:04,0.067496542,0,0.067496542,18,5,8,5,14,1.285714286,0.357142857,0.571428571,0.357142857,0:00:00,0,0:00:00,0
5G2,210,3/24/15,344.1509434,3/24/15,0,3,31,0.596153846,0:30:49,0:00:00,0:00:00,0:00:00,0,0,0,42,13,6,23,7,6,1.857142857,0.857142857,3.285714286,0:00:00,0,0:00:00,0
5G2,226,3/31/15,302.2222222,3/31/15,0,3,31,0.596153846,0:34:23,0:00:00,0:00:00,0:00:00,0,0,0,3,1,2,0,7,0.428571429,0.142857143,0.285714286,0,0:00:00,0,0:00:00,0
5G2,170,3/11/15,406.779661,3/9/15,2,3,31,0.596153846,0:31:49,0:13:36,0:02:23,0:11:13,0.427448926,0.074908329,0.352540597,19,4,6,9,7,2.714285714,0.571428571,0.857142857,1.285714286,0:00:00,0,0:00:00,0
6H2,20,1/19/15,1120,1/19/15,0,1,17,0.326923077,0:29:58,0:00:00,0:00:00,0:00:00,0,0,0,29,7,4,18,6,4.833333333,1.166666667,0.666666667,3,0:00:00,0,0:00:00,0
6H2,34,1/26/15,960,1/26/15,0,1,17,0.326923077,1:00:37,0:05:25,0:05:25,0:00:00,0.089359362,0.089359362,0,54,12,10,30,14,3.857142857,0.857142857,0.714285714,2.142857143,0:00:00,0,0:00:22,0.006048941
6H2,48,1/28/15,480,1/28/15,0,1,17,0.326923077,0:29:55,0:00:08,0:00:08,0:00:00,0.004456825,0.004456825,0,31,11,2,18,7,4.428571429,1.571428571,0.285714286,2.571428571,0:00:00,0,0:00:30,0.016713092
6H2,95,2/17/15,1825.882353,2/16/15,1,2,17,0.326923077,0:31:29,0:00:00,0:00:00,0:00:00,0,0,0,18,10,1,7,6,3,1.666666667,0.166666667,1.166666667,0:00:00,0,0:00:00,0
6H2,128,2/25/15,549.6774194,2/24/15,1,2,17,0.326923077,1:05:29,0:16:11,0:16:11,0:00:00,0.247136676,0.247136676,0,35,14,0,21,13,2.692307692,1.076923077,0,1.615384615,0:00:00,0,0:01:08,0.017307203
6H2,60,2/3/15,816.8421053,2/3/15,0,2,17,0.326923077,0:30:34,0:00:00,0:00:00,0:00:00,0,0,0,7,4,1,2,7,1,0.571428571,0.142857143,0.285714286,0:00:00,0,0:01:06,0.035986914
6H2,87,2/10/15,729.2307692,2/9/15,1,2,17,0.326923077,1:00:35,0:00:44,0:00:44,0:00:00,0.012104539,0.012104539,0,90,25,15,50,14,6.428571429,1.785714286,1.071428571,3.571428571,0:00:00,0,0:00:00,0
6H2,185,3/17/15,451.7647059,3/16/15,1,3,17,0.326923077,1:00:26,0:29:21,0:27:22,0:01:59,0.485659129,0.452840596,0.032818533,51,25,4,22,14,3.642857143,1.785714286,0.285714286,1.571428571,0:25:02,0.414231,0:00:42,0.011583012
6H2,215,3/25/15,932.3076923,3/23/15,2,3,17,0.326923077,0:30:11,0:00:00,0:00:00,0:00:00,0,0,0,18,7,5,6,6,3,1.166666667,0.833333333,1,0:00:00,0,0:00:00,0
6H2,157,3/9/15,392.7272727,3/6/15,3,3,17,0.326923077,1:02:06,0:00:00,0:00:00,0:00:00,0,0,0,104,32,7,65,14,7.428571429,2.285714286,0.5,4.642857143,0:00:00,0,0:00:00,0
6I1,33,1/23/15,621.6393443,1/21/15,2,1,19,0.365384615,1:02:34,0:08:54,0:03:17,0:05:37,0.142248269,0.052477357,0.089770911,43,9,9,25,14,3.071428571,0.642857143,0.642857143,1.785714286,0:00:00,0,0:00:00,0
6I1,35,1/26/15,508.2352941,1/26/15,0,1,19,0.365384615,1:02:37,0:08:33,0:02:55,0:05:38,0.136545116,0.046579718,0.089965398,43,8,13,22,14,3.071428571,0.571428571,0.928571429,1.571428571,0:00:00,0,0:00:00,0
6I1,110,2/19/15,432.9411765,2/18/15,1,2,19,0.365384615,0:30:27,0:16:15,0:16:15,0:00:00,0.533661741,0.533661741,0,21,1,3,17,7,3,0.142857143,0.428571429,2.428571429,0:00:00,0,0:00:00,0
6I1,140,3/2/15,498.8235294,2/27/15,3,2,19,0.365384615,0:31:00,0:00:00,0:00:00,0:00:00,0,0,0,126,47,7,72,7,18,6.714285714,1,10.28571429,0:00:00,0,0:00:00,0
6I1,68,2/5/15,731.8032787,2/3/15,2,2,19,0.365384615,0:31:12,0:00:00,0:00:00,0:00:00,0,0,0,27,6,6,15,6,4.5,1,1,2.5,0:00:00,0,0:00:00,0
6I1,90,2/11/15,540,2/9/15,2,2,19,0.365384615,1:03:37,0:03:33,0:01:02,0:02:31,0.055802987,0.016243123,0.039559864,51,16,6,28,13,3.923076923,1.230769231,0.461538462,2.153846154,0:00:00,0,0:00:00,0
6I1,194,3/18/15,657.7777778,3/16/15,2,3,19,0.365384615,1:00:24,0:10:35,0:08:40,0:01:55,0.175220751,0.143487859,0.031732892,35,9,1,25,14,2.5,0.642857143,0.071428571,1.785714286,0:00:00,0,0:00:00,0
6I1,201,3/23/15,643.0188679,3/23/15,0,3,19,0.365384615,1:01:16,0:16:00,0:11:09,0:04:51,0.261153428,0.181991295,0.079162133,64,18,10,36,14,4.571428571,1.285714286,0.714285714,2.571428571,0:38:02,0.620783,0:00:00,0
6I1,232,4/1/15,1372.631579,3/30/15,2,3,19,0.365384615,0:30:10,0:00:00,0:00:00,0:00:00,0,0,0,46,13,3,28,7,6.571428571,1.857142857,0.428571429,4,0:00:00,0,0:00:00,0
6I1,171,3/11/15,643.0188679,3/9/15,2,3,19,0.365384615,1:00:49,0:13:46,0:13:46,0:00:00,0.226363387,0.226363387,0,63,21,4,38,14,4.5,1.5,0.285714286,2.714285714,0:00:00,0,0:00:02,0.000548095
6I2,112,2/20/15,434.0323786,2/18/15,2,2,33,0.634615385,0:30:42,0:04:49,0:03:18,0:01:31,0.15689468,0.107491857,0.049402823,6,0,1,5,7,0.857142857,0,0.142857143,0.714285714,0:00:00,0,0:00:00,0
6I2,121,2/24/15,196.3636364,2/24/15,0,2,33,0.634615385,0:34:40,0:04:55,0:00:00,0:04:55,0.141826923,0,0.141826923,2,0,2,0,7,0.285714286,0,0.285714286,0,0:00:00,0,0:00:00,0
6I2,174,3/12/15,493.1506849,3/12/15,0,3,33,0.634615385,0:30:28,0:03:18,0:02:35,0:00:43,0.108315098,0.084792123,0.023522976,100,22,18,60,7,14.28571429,3.142857143,2.571428571,8.571428571,0:00:00,0,0:00:00,0
6I2,198,3/19/15,252.6315789,3/16/15,3,3,33,0.634615385,0:30:20,0:00:00,0:00:00,0:00:00,0,0,0,36,9,2,25,7,5.142857143,1.285714286,0.285714286,3.571428571,0:00:00,0,0:00:00,0
6I2,213,3/24/15,286.6666667,3/23/15,1,3,33,0.634615385,1:01:01,0:00:00,0:00:00,0:00:00,0,0,0,152,64,11,76,13,11.69230769,4.923076923,0.846153846,5.846153846,0:00:00,0,0:00:00,0
6I2,151,3/5/15,702.2222222,3/3/15,2,3,33,0.634615385,0:31:51,0:07:26,0:07:26,0:00:00,0.233385662,0.233385662,0,17,7,1,9,6,2.833333333,1.166666667,0.166666667,1.5,0:09:32,0.299319728,0:00:00,0
6I2,159,3/9/15,1261.176471,3/9/15,0,3,33,0.634615385,0:31:03,0:05:15,0:05:15,0:00:00,0.169082126,0.169082126,0,39,11,4,24,7,5.571428571,1.571428571,0.571428571,3.428571429,0:12:27,0.400966,0:00:04,0.002147075
8B5,96,2/17/15,1251.428571,2/17/15,0,2,22,0.423076923,0:30:14,0:00:00,0:00:00,0:00:00,0,0,0,7,3,1,3,7,1,0.428571429,0.142857143,0.428571429,0:00:00,0,0:00:11,0.006063947
8B5,58,2/2/15,846.1016949,2/2/15,0,2,22,0.423076923,0:48:39,0:00:15,0:00:15,0:00:00,0.005138746,0.005138746,0,27,4,2,21,11,2.454545455,0.363636364,0.181818182,1.909090909,0:00:00,0,0:00:28,0.009592326
8B5,122,2/24/15,1044.705882,2/23/15,1,2,22,0.423076923,0:33:14,0:20:54,0:20:54,0:00:00,0.62888666,0.62888666,0,14,7,3,4,7,2,1,0.428571429,0.571428571,0:00:00,0,0:00:00,0
8B5,69,2/5/15,1180.8,2/5/15,0,2,22,0.423076923,0:29:56,0:00:00,0:00:00,0:00:00,0,0,0,14,4,1,9,5,2.8,0.8,0.2,1.8,0:00:00,0,0:00:06,0.003340757
8B5,88,2/10/15,1038.545455,2/9/15,1,2,22,0.423076923,0:30:39,0:03:54,0:03:54,0:00:00,0.127243067,0.127243067,0,4,0,1,3,7,0.571428571,0,0.142857143,0.428571429,0:00:00,0,0:00:00,0
8B5,193,3/18/15,1304.150943,3/17/15,1,3,22,0.423076923,1:00:45,0:00:00,0:00:00,0:00:00,0,0,0,57,22,10,24,14,4.071428571,1.571428571,0.714285714,1.714285714,0:00:00,0,0:00:02,0.000548697
8B5,204,3/23/15,1204.210526,3/23/15,0,3,22,0.423076923,0:30:38,0:00:00,0:00:00,0:00:00,0,0,0,30,10,4,16,7,4.285714286,1.428571429,0.571428571,2.285714286,0:00:00,0,0:00:00,0
8B5,155,3/6/15,1111.578947,3/3/15,3,3,22,0.423076923,0:30:25,0:02:19,0:00:00,0:02:19,0.076164384,0,0.076164384,8,3,3,2,7,1.142857143,0.428571429,0.428571429,0.285714286,0:14:23,0.472877,0:00:11,0.006027397
8B5,164,3/10/15,960,3/9/15,1,3,22,0.423076923,0:30:11,0:08:50,0:08:50,0:00:00,0.292655991,0.292655991,0,9,4,1,4,6,1.5,0.666666667,0.166666667,0.666666667,0:00:00,0,0:00:00,0
8D6,17,1/19/15,777.9310345,1/15/15,4,1,24,0.461538462,0:45:16,0:30:09,0:18:33,0:11:36,0.666053019,0.409793814,0.256259205,23,3,0,20,9,2.555555556,0.333333333,0,2.222222222,0:00:00,0,0:00:00,0
8D6,54,1/30/15,535.0819672,1/27/15,3,1,24,0.461538462,1:00:11,0:13:38,0:13:38,0:00:00,0.226530047,0.226530047,0,40,3,14,23,14,2.857142857,0.214285714,1,1.642857143,0:00:00,0,0:00:00,0
8D6,91,2/11/15,867.6923077,2/10/15,1,2,24,0.461538462,0:47:04,0:00:00,0:00:00,0:00:00,0,0,0,37,8,1,28,10,3.7,0.8,0.1,2.8,0:00:00,0,0:00:00,0
8D6,93,2/17/15,1087.5,2/16/15,1,2,24,0.461538462,0:30:34,0:00:00,0:00:00,0:00:00,0,0,0,20,6,1,13,5,4,1.2,0.2,2.6,0:00:00,0,0:00:00,0
8D6,133,2/27/15,516.2264151,2/25/15,2,2,24,0.461538462,0:30:00,0:00:00,0:00:00,0:00:00,0,0,0,0,0,0,0,7,0,0,0,0,0:00:00,0,0:00:00,0
8D6,72,2/6/15,766.1538462,2/5/15,1,2,24,0.461538462,1:00:04,0:00:00,0:00:00,0:00:00,0,0,0,18,0,6,12,14,1.285714286,0,0.428571429,0.857142857,0:00:00,0,0:00:00,0
8D6,196,3/19/15,441.2903226,3/17/15,2,3,24,0.461538462,0:30:29,0:00:00,0:00:00,0:00:00,0,0,0,32,6,0,26,7,4.571428571,0.857142857,0,3.714285714,0:00:00,0,0:00:00,0
8D6,135,3/2/15,656.8421053,3/2/15,0,3,24,0.461538462,1:00:43,0:00:09,0:00:09,0:00:00,0.002470491,0.002470491,0,21,1,5,15,13,1.615384615,0.076923077,0.384615385,1.153846154,0:00:00,0,0:00:00,0
9F9,127,2/25/15,1597.090909,2/25/15,0,2,21,0.403846154,1:01:05,0:00:00,0:00:00,0:00:00,0,0,0,29,16,2,11,14,2.071428571,1.142857143,0.142857143,0.785714286,0:00:00,0,0:00:16,0.004365621
9F9,188,3/17/15,761.3793103,3/16/15,1,3,21,0.403846154,1:00:47,0:28:20,0:08:54,0:19:26,0.466136551,0.146421716,0.319714834,71,16,10,45,14,5.071428571,1.142857143,0.714285714,3.214285714,0:00:00,0,0:00:00,0
9F9,150,3/4/15,943.1578947,3/2/15,2,3,21,0.403846154,0:32:17,0:09:40,0:09:15,0:00:25,0.299432112,0.286525555,0.012906557,28,13,4,11,7,4,1.857142857,0.571428571,1.571428571,0:29:34,0.915849,0:00:54,0.027878162
9F9,222,3/29/15,332.9032258,3/26/15,3,3,21,0.403846154,0:31:00,0:00:00,0:00:00,0:00:00,0,0,0,48,18,7,23,7,6.857142857,2.571428571,1,3.285714286,0:00:00,0,0:00:00,0