IDDate,ID,Date,DatePlus15,Week,Rank,Total GR,Total GR Rec,Total GR Given,GR AF,TotalKnownDuration,FreqTotalGR,FreqGRRec,FreqGRGiven,FreqGRAF,5mAF,5mAllAdults,Scansperday,FreqAFProx,FreqAllAdultProx
0G81/21/2015,0G8,1/21/15,2/5/15,4,27,0:16:56,0:16:56,0:00:00,0:00:00,0:30:21,0.5579352,0.5579352,0,0,0,0,7,0,0
0G81/26/2015,0G8,1/26/15,2/10/15,5,27,0:00:00,0:00:00,0:00:00,0:00:00,0:30:22,0,0,0,0,1,5,7,0.142857143,0.714285714
0G81/27/2015,0G8,1/27/15,2/11/15,5,27,0:00:07,0:00:07,0:00:00,0:00:00,0:30:29,0.003827228,0.003827228,0,0,1,5,7,0.142857143,0.714285714
0G82/10/2015,0G8,2/10/15,2/25/15,7,27,0:06:24,0:06:24,0:00:00,0:00:00,1:00:44,0.105378705,0.105378705,0,0,1,3,14,0.071428571,0.214285714
0G82/17/2015,0G8,2/17/15,3/4/15,8,27,0:00:00,0:00:00,0:00:00,0:00:00,0:15:44,0,0,0,0,4,6,4,1,1.5
0G82/2/2015,0G8,2/2/15,2/17/15,6,27,0:00:00,0:00:00,0:00:00,0:00:00,0:31:07,0,0,0,0,3,5,6,0.5,0.833333333
0G82/20/2015,0G8,2/20/15,3/7/15,8,27,0:02:18,0:01:54,0:00:24,0:00:00,1:00:38,0.03793293,0.031335899,0.006597031,0,4,8,14,0.285714286,0.571428571
0G82/23/2015,0G8,2/23/15,3/10/15,9,27,0:03:20,0:03:20,0:00:00,0:02:51,0:30:15,0.110192837,0.110192837,0,0.094214876,2,5,7,0.285714286,0.714285714
0G82/24/2015,0G8,2/24/15,3/11/15,9,27,0:00:20,0:00:20,0:00:00,0:00:00,0:30:34,0.010905125,0.010905125,0,0,1,1,7,0.142857143,0.142857143
0G82/26/2015,0G8,2/26/15,3/13/15,9,27,0:03:09,0:03:09,0:00:00,0:00:00,0:30:10,0.10441989,0.10441989,0,0,1,1,7,0.142857143,0.142857143
0G82/27/2015,0G8,2/27/15,3/14/15,9,27,0:00:00,0:00:00,0:00:00,0:00:00,0:30:06,0,0,0,0,0,1,7,0,0.142857143
0G82/5/2015,0G8,2/5/15,2/20/15,6,27,0:00:00,0:00:00,0:00:00,0:00:00,0:30:04,0,0,0,0,1,1,7,0.142857143,0.142857143
0G83/11/2015,0G8,3/11/15,3/26/15,11,27,0:19:45,0:19:45,0:00:00,0:00:00,1:27:22,0.226058756,0.226058756,0,0,1,3,21,0.047619048,0.142857143
0G83/16/2015,0G8,3/16/15,3/31/15,12,27,0:00:00,0:00:00,0:00:00,0:00:00,0:30:18,0,0,0,0,4,8,7,0.571428571,1.142857143
0G83/17/2015,0G8,3/17/15,4/1/15,12,27,0:00:00,0:00:00,0:00:00,0:00:00,0:30:46,0,0,0,0,19,24,7,2.714285714,3.428571429
0G83/18/2015,0G8,3/18/15,4/2/15,12,27,0:00:00,0:00:00,0:00:00,0:00:00,1:00:08,0,0,0,0,2,2,14,0.142857143,0.142857143
0G83/2/2015,0G8,3/2/15,3/17/15,10,27,0:00:00,0:00:00,0:00:00,0:00:00,0:30:12,0,0,0,0,7,9,7,1,1.285714286
0G83/23/2015,0G8,3/23/15,4/7/15,13,27,0:00:00,0:00:00,0:00:00,0:00:00,0:30:17,0,0,0,0,3,3,6,0.5,0.5
0G83/26/2015,0G8,3/26/15,4/10/15,13,27,0:00:00,0:00:00,0:00:00,0:00:00,0:30:00,0,0,0,0,3,4,7,0.428571429,0.571428571
0G83/4/2015,0G8,3/4/15,3/19/15,10,27,0:00:51,0:00:51,0:00:00,0:00:00,1:30:49,0.009359516,0.009359516,0,0,10,17,21,0.476190476,0.80952381
0G83/9/2015,0G8,3/9/15,3/24/15,11,27,0:00:00,0:00:00,0:00:00,0:00:00,0:30:53,0,0,0,0,9,13,7,1.285714286,1.857142857
0G84/1/2015,0G8,4/1/15,4/16/15,14,27,0:00:00,0:00:00,0:00:00,0:00:00,1:31:01,0,0,0,0,9,20,21,0.428571429,0.952380952
0G84/10/2015,0G8,4/10/15,4/25/15,15,27,0:09:51,0:09:51,0:00:00,0:00:00,0:30:33,0.322422259,0.322422259,0,0,2,5,7,0.285714286,0.714285714
0G84/13/2015,0G8,4/13/15,4/28/15,16,27,0:02:00,0:02:00,0:00:00,0:00:00,1:01:10,0.032697548,0.032697548,0,0,19,28,14,1.357142857,2
0G84/14/2015,0G8,4/14/15,4/29/15,16,27,0:00:00,0:00:00,0:00:00,0:00:00,1:01:05,0,0,0,0,4,6,14,0.285714286,0.428571429
0G84/17/2015,0G8,4/17/15,5/2/15,16,27,0:00:00,0:00:00,0:00:00,0:00:00,0:28:34,0,0,0,0,1,2,5,0.2,0.4
0G84/20/2015,0G8,4/20/15,5/5/15,17,27,0:04:01,0:04:01,0:00:00,0:00:00,1:00:49,0.066045492,0.066045492,0,0,6,9,14,0.428571429,0.642857143
0G84/21/2015,0G8,4/21/15,5/6/15,17,27,0:00:00,0:00:00,0:00:00,0:00:00,0:30:01,0,0,0,0,4,5,7,0.571428571,0.714285714
0G84/23/2015,0G8,4/23/15,5/8/15,17,27,0:00:00,0:00:00,0:00:00,0:00:00,1:00:22,0,0,0,0,17,20,14,1.214285714,1.428571429
0G84/7/2015,0G8,4/7/15,4/22/15,15,27,0:00:00,0:00:00,0:00:00,0:00:00,0:30:06,0,0,0,0,2,4,7,0.285714286,0.571428571
0G84/8/2015,0G8,4/8/15,4/23/15,15,27,0:00:00,0:00:00,0:00:00,0:00:00,0:30:21,0,0,0,0,3,8,7,0.428571429,1.142857143
0G84/9/2015,0G8,4/9/15,4/24/15,15,27,0:04:07,0:00:00,0:04:07,0:00:00,0:30:15,0.136088154,0,0.136088154,0,0,0,7,0,0
0J01/14/2015,0J0,1/14/15,1/29/15,3,20,0:00:06,0:00:06,0:00:00,0:00:00,0:44:04,0.002269289,0.002269289,0,0,4,5,10,0.4,0.5
0J01/19/2015,0J0,1/19/15,2/3/15,4,20,0:03:47,0:03:47,0:00:00,0:00:33,0:45:06,0.083887657,0.083887657,0,0.012195122,3,4,10,0.3,0.4
0J01/20/2015,0J0,1/20/15,2/4/15,4,20,0:09:11,0:09:11,0:00:00,0:00:00,0:29:43,0.309029725,0.309029725,0,0,1,2,7,0.142857143,0.285714286
0J01/21/2015,0J0,1/21/15,2/5/15,4,20,0:00:00,0:00:00,0:00:00,0:00:00,0:29:56,0,0,0,0,3,4,7,0.428571429,0.571428571
0J01/26/2015,0J0,1/26/15,2/10/15,5,20,0:05:51,0:05:51,0:00:00,0:00:00,1:01:45,0.094736842,0.094736842,0,0,13,24,14,0.928571429,1.714285714
0J01/28/2015,0J0,1/28/15,2/12/15,5,20,0:00:00,0:00:00,0:00:00,0:00:00,0:30:53,0,0,0,0,4,9,7,0.571428571,1.285714286
0J01/29/2015,0J0,1/29/15,2/13/15,5,20,0:04:52,0:04:52,0:00:00,0:04:52,0:30:53,0.157582299,0.157582299,0,0.157582299,4,6,7,0.571428571,0.857142857
0J02/17/2015,0J0,2/17/15,3/4/15,8,20,0:00:00,0:00:00,0:00:00,0:00:00,0:20:54,0,0,0,0,0,0,4,0,0
0J02/19/2015,0J0,2/19/15,3/6/15,8,20,0:00:00,0:00:00,0:00:00,0:00:00,0:30:24,0,0,0,0,19,26,7,2.714285714,3.714285714
0J02/20/2015,0J0,2/20/15,3/7/15,8,20,0:11:30,0:11:30,0:00:00,0:11:30,0:30:02,0.38290788,0.38290788,0,0.38290788,4,5,7,0.571428571,0.714285714
0J02/23/2015,0J0,2/23/15,3/10/15,9,20,0:06:00,0:05:54,0:00:06,0:06:00,0:56:19,0.106540397,0.104764723,0.001775673,0.106540397,20,22,13,1.538461538,1.692307692
0J02/25/2015,0J0,2/25/15,3/12/15,9,20,0:07:00,0:07:00,0:00:00,0:07:00,1:01:23,0.114037469,0.114037469,0,0.114037469,7,12,12,0.583333333,1
0J02/3/2015,0J0,2/3/15,2/18/15,6,20,0:00:00,0:00:00,0:00:00,0:00:00,0:30:34,0,0,0,0,2,3,7,0.285714286,0.428571429
0J02/4/2015,0J0,2/4/15,2/19/15,6,20,0:10:17,0:09:14,0:01:03,0:00:56,0:30:11,0.340695748,0.305908338,0.03478741,0.030922142,5,5,7,0.714285714,0.714285714
0J02/6/2015,0J0,2/6/15,2/21/15,6,20,0:00:00,0:00:00,0:00:00,0:00:00,0:30:35,0,0,0,0,15,22,7,2.142857143,3.142857143
0J02/9/2015,0J0,2/9/15,2/24/15,7,20,0:03:21,0:03:21,0:00:00,0:03:21,0:30:17,0.110621904,0.110621904,0,0.110621904,4,4,6,0.666666667,0.666666667
0J03/11/2015,0J0,3/11/15,3/26/15,11,20,0:08:20,0:08:20,0:00:00,0:00:00,1:00:18,0.138197899,0.138197899,0,0,17,26,13,1.307692308,2
0J03/12/2015,0J0,3/12/15,3/27/15,11,20,0:09:16,0:09:16,0:00:00,0:09:16,0:26:53,0.344699318,0.344699318,0,0.344699318,7,12,6,1.166666667,2
0J03/13/2015,0J0,3/13/15,3/28/15,11,20,0:02:16,0:02:16,0:00:00,0:02:16,0:30:07,0.075262867,0.075262867,0,0.075262867,7,8,7,1,1.142857143
0J03/16/2015,0J0,3/16/15,3/31/15,12,20,0:00:00,0:00:00,0:00:00,0:00:00,0:30:50,0,0,0,0,6,9,7,0.857142857,1.285714286
0J03/17/2015,0J0,3/17/15,4/1/15,12,20,0:00:00,0:00:00,0:00:00,0:00:00,0:30:07,0,0,0,0,4,4,7,0.571428571,0.571428571
0J03/18/2015,0J0,3/18/15,4/2/15,12,20,0:08:52,0:08:52,0:00:00,0:00:00,0:30:23,0.291826659,0.291826659,0,0,7,7,7,1,1
0J03/2/2015,0J0,3/2/15,3/17/15,10,20,0:14:00,0:14:00,0:00:00,0:14:00,0:30:11,0.463832137,0.463832137,0,0.463832137,9,12,7,1.285714286,1.714285714
0J03/20/2015,0J0,3/20/15,4/4/15,12,20,0:14:40,0:14:40,0:00:00,0:12:08,0:30:00,0.488888889,0.488888889,0,0.404444444,3,3,7,0.428571429,0.428571429
0J03/24/2015,0J0,3/24/15,4/8/15,13,20,0:00:00,0:00:00,0:00:00,0:00:00,1:02:01,0,0,0,0,33,46,14,2.357142857,3.285714286
0J03/25/2015,0J0,3/25/15,4/9/15,13,20,0:05:52,0:05:52,0:00:00,0:00:00,0:29:55,0.196100279,0.196100279,0,0,3,6,6,0.5,1
0J03/26/2015,0J0,3/26/15,4/10/15,13,20,0:14:00,0:14:00,0:00:00,0:00:00,0:32:00,0.4375,0.4375,0,0,5,12,7,0.714285714,1.714285714
0J03/3/2015,0J0,3/3/15,3/18/15,10,20,0:00:00,0:00:00,0:00:00,0:00:00,0:30:42,0,0,0,0,2,5,6,0.333333333,0.833333333
0J03/30/2015,0J0,3/30/15,4/14/15,14,20,0:01:13,0:01:13,0:00:00,0:01:13,0:30:13,0.040264755,0.040264755,0,0.040264755,4,6,7,0.571428571,0.857142857
0J03/5/2015,0J0,3/5/15,3/20/15,10,20,0:00:00,0:00:00,0:00:00,0:00:00,0:30:20,0,0,0,0,1,1,7,0.142857143,0.142857143
0J03/6/2015,0J0,3/6/15,3/21/15,10,20,0:08:00,0:04:00,0:04:00,0:00:00,0:30:00,0.266666667,0.133333333,0.133333333,0,7,12,7,1,1.714285714
0J03/9/2015,0J0,3/9/15,3/24/15,11,20,0:00:00,0:00:00,0:00:00,0:00:00,0:30:30,0,0,0,0,1,3,7,0.142857143,0.428571429
0J04/1/2015,0J0,4/1/15,4/16/15,14,20,0:00:00,0:00:00,0:00:00,0:00:00,1:01:31,0,0,0,0,17,25,14,1.214285714,1.785714286
0J04/13/2015,0J0,4/13/15,4/28/15,16,20,0:03:06,0:03:06,0:00:00,0:00:00,0:30:00,0.103333333,0.103333333,0,0,0,0,7,0,0
0J04/14/2015,0J0,4/14/15,4/29/15,16,20,0:01:42,0:01:42,0:00:00,0:00:00,0:30:17,0.056136489,0.056136489,0,0,2,4,7,0.285714286,0.571428571
0J04/15/2015,0J0,4/15/15,4/30/15,16,20,0:00:00,0:00:00,0:00:00,0:00:00,0:30:00,0,0,0,0,10,15,7,1.428571429,2.142857143
0J04/16/2015,0J0,4/16/15,5/1/15,16,20,0:02:00,0:00:00,0:02:00,0:02:00,0:31:00,0.064516129,0,0.064516129,0.064516129,9,13,7,1.285714286,1.857142857
0J04/20/2015,0J0,4/20/15,5/5/15,17,20,0:09:31,0:03:08,0:06:23,0:09:31,0:58:02,0.163986215,0.053991959,0.109994256,0.163986215,13,15,13,1,1.153846154
0J04/22/2015,0J0,4/22/15,5/7/15,17,20,0:00:00,0:00:00,0:00:00,0:00:00,0:29:59,0,0,0,0,5,9,7,0.714285714,1.285714286
0J04/23/2015,0J0,4/23/15,5/8/15,17,20,0:00:00,0:00:00,0:00:00,0:00:00,0:30:24,0,0,0,0,12,18,7,1.714285714,2.571428571
0J04/6/2015,0J0,4/6/15,4/21/15,15,20,0:01:44,0:01:44,0:00:00,0:00:00,0:52:14,0.033184429,0.033184429,0,0,5,7,12,0.416666667,0.583333333
0J04/8/2015,0J0,4/8/15,4/23/15,15,20,0:00:00,0:00:00,0:00:00,0:00:00,0:30:03,0,0,0,0,3,4,7,0.428571429,0.571428571
0J04/9/2015,0J0,4/9/15,4/24/15,15,20,0:00:00,0:00:00,0:00:00,0:00:00,0:30:29,0,0,0,0,9,10,7,1.285714286,1.428571429
0J11/23/2015,0J1,1/23/15,2/7/15,4,18,0:00:00,0:00:00,0:00:00,0:00:00,0:30:36,0,0,0,0,3,6,7,0.428571429,0.857142857
0J11/26/2015,0J1,1/26/15,2/10/15,5,18,0:09:57,0:09:53,0:00:04,0:00:00,1:03:02,0.157852988,0.156795346,0.001057641,0,2,9,14,0.142857143,0.642857143
0J12/11/2015,0J1,2/11/15,2/26/15,7,18,0:00:00,0:00:00,0:00:00,0:00:00,0:30:33,0,0,0,0,8,12,7,1.142857143,1.714285714
0J12/16/2015,0J1,2/16/15,3/3/15,8,18,0:07:27,0:07:27,0:00:00,0:07:27,1:00:34,0.123004953,0.123004953,0,0.123004953,14,18,14,1,1.285714286
0J12/17/2015,0J1,2/17/15,3/4/15,8,18,0:08:49,0:07:38,0:01:11,0:00:00,0:29:39,0.297358066,0.257448004,0.039910062,0,4,8,7,0.571428571,1.142857143
0J12/18/2015,0J1,2/18/15,3/5/15,8,18,0:02:46,0:02:46,0:00:00,0:02:46,0:30:31,0.090660841,0.090660841,0,0.090660841,5,5,7,0.714285714,0.714285714
0J12/2/2015,0J1,2/2/15,2/17/15,6,18,0:00:00,0:00:00,0:00:00,0:00:00,0:30:25,0,0,0,0,3,8,7,0.428571429,1.142857143
0J12/23/2015,0J1,2/23/15,3/10/15,9,18,0:05:13,0:05:13,0:00:00,0:00:00,0:26:02,0.200384123,0.200384123,0,0,0,1,6,0,0.166666667
0J12/24/2015,0J1,2/24/15,3/11/15,9,18,0:00:00,0:00:00,0:00:00,0:00:00,0:30:13,0,0,0,0,18,20,7,2.571428571,2.857142857
0J12/25/2015,0J1,2/25/15,3/12/15,9,18,0:04:00,0:04:00,0:00:00,0:00:00,0:31:00,0.129032258,0.129032258,0,0,7,7,7,1,1
0J12/26/2015,0J1,2/26/15,3/13/15,9,18,0:08:33,0:08:33,0:00:00,0:00:00,0:30:21,0.281713344,0.281713344,0,0,2,4,7,0.285714286,0.571428571
0J12/5/2015,0J1,2/5/15,2/20/15,6,18,0:00:00,0:00:00,0:00:00,0:00:00,0:15:32,0,0,0,0,3,5,3,1,1.666666667
0J12/9/2015,0J1,2/9/15,2/24/15,7,18,0:11:19,0:11:19,0:00:00,0:00:00,0:30:15,0.374104683,0.374104683,0,0,9,11,7,1.285714286,1.571428571
0J13/10/2015,0J1,3/10/15,3/25/15,11,18,0:00:00,0:00:00,0:00:00,0:00:00,0:31:42,0,0,0,0,11,13,6,1.833333333,2.166666667
0J13/11/2015,0J1,3/11/15,3/26/15,11,18,0:05:24,0:05:24,0:00:00,0:01:10,1:03:20,0.085263158,0.085263158,0,0.018421053,15,27,13,1.153846154,2.076923077
0J13/16/2015,0J1,3/16/15,3/31/15,12,18,0:00:00,0:00:00,0:00:00,0:00:00,1:01:03,0,0,0,0,54,66,12,4.5,5.5
0J13/17/2015,0J1,3/17/15,4/1/15,12,18,0:10:33,0:10:06,0:00:27,0:00:00,1:01:37,0.171219908,0.163916689,0.007303219,0,20,28,14,1.428571429,2
0J13/23/2015,0J1,3/23/15,4/7/15,13,18,0:18:14,0:02:20,0:15:54,0:18:14,1:02:19,0.292591602,0.037443167,0.255148435,0.292591602,29,37,14,2.071428571,2.642857143
0J13/26/2015,0J1,3/26/15,4/10/15,13,18,0:00:00,0:00:00,0:00:00,0:00:00,0:30:00,0,0,0,0,12,15,7,1.714285714,2.142857143
0J13/3/2015,0J1,3/3/15,3/18/15,10,18,0:04:18,0:00:00,0:04:18,0:04:18,0:32:16,0.133264463,0,0.133264463,0.133264463,6,8,7,0.857142857,1.142857143
0J13/30/2015,0J1,3/30/15,4/14/15,14,18,0:02:53,0:00:00,0:02:53,0:02:53,0:30:37,0.094175286,0,0.094175286,0.094175286,11,13,7,1.571428571,1.857142857
0J13/31/2015,0J1,3/31/15,4/15/15,14,18,0:01:14,0:01:14,0:00:00,0:00:00,0:30:16,0.040748899,0.040748899,0,0,17,19,7,2.428571429,2.714285714
0J13/4/2015,0J1,3/4/15,3/19/15,10,18,0:00:13,0:00:13,0:00:00,0:00:13,0:31:35,0.006860158,0.006860158,0,0.006860158,6,9,6,1,1.5
0J13/5/2015,0J1,3/5/15,3/20/15,10,18,0:06:19,0:02:47,0:03:32,0:00:00,1:01:03,0.103467103,0.045591046,0.057876058,0,21,24,12,1.75,2
0J13/9/2015,0J1,3/9/15,3/24/15,11,18,0:00:00,0:00:00,0:00:00,0:00:00,0:30:16,0,0,0,0,10,19,7,1.428571429,2.714285714
0J14/13/2015,0J1,4/13/15,4/28/15,16,18,0:00:45,0:00:00,0:00:45,0:00:00,1:01:11,0.01225824,0,0.01225824,0,52,65,14,3.714285714,4.642857143
0J14/15/2015,0J1,4/15/15,4/30/15,16,18,0:07:00,0:07:00,0:00:00,0:00:00,0:30:00,0.233333333,0.233333333,0,0,27,31,6,4.5,5.166666667
0J14/16/2015,0J1,4/16/15,5/1/15,16,18,0:00:00,0:00:00,0:00:00,0:00:00,0:30:05,0,0,0,0,8,13,7,1.142857143,1.857142857
0J14/2/2015,0J1,4/2/15,4/17/15,14,18,0:02:36,0:02:36,0:00:00,0:00:00,0:31:44,0.081932773,0.081932773,0,0,16,20,7,2.285714286,2.857142857
0J14/20/2015,0J1,4/20/15,5/5/15,17,18,0:02:44,0:02:44,0:00:00,0:00:00,1:01:07,0.044723207,0.044723207,0,0,23,38,14,1.642857143,2.714285714
0J14/21/2015,0J1,4/21/15,5/6/15,17,18,0:00:10,0:00:00,0:00:10,0:00:10,0:19:44,0.008445946,0,0.008445946,0.008445946,0,3,4,0,0.75
0J14/22/2015,0J1,4/22/15,5/7/15,17,18,0:04:57,0:04:33,0:00:24,0:00:24,0:30:12,0.163907285,0.150662252,0.013245033,0.013245033,9,13,7,1.285714286,1.857142857
0J14/23/2015,0J1,4/23/15,5/8/15,17,18,0:00:00,0:00:00,0:00:00,0:00:00,0:30:31,0,0,0,0,7,12,7,1,1.714285714
0J14/6/2015,0J1,4/6/15,4/21/15,15,18,0:17:05,0:14:12,0:02:53,0:07:14,1:01:22,0.278381315,0.23139598,0.046985334,0.117870722,42,55,14,3,3.928571429
0J14/7/2015,0J1,4/7/15,4/22/15,15,18,0:04:11,0:04:11,0:00:00,0:00:00,1:00:38,0.068993953,0.068993953,0,0,5,26,13,0.384615385,2
0J82/10/2015,0J8,2/10/15,2/25/15,7,32,0:00:00,0:00:00,0:00:00,0:00:00,0:29:55,0,0,0,0,2,4,7,0.285714286,0.571428571
0J82/18/2015,0J8,2/18/15,3/5/15,8,32,0:07:38,0:05:10,0:02:28,0:00:50,0:31:14,0.244397012,0.165421558,0.078975454,0.026680896,0,6,7,0,0.857142857
0J82/19/2015,0J8,2/19/15,3/6/15,8,32,0:07:55,0:07:55,0:00:00,0:00:00,0:30:31,0.259421081,0.259421081,0,0,0,1,6,0,0.166666667
0J82/20/2015,0J8,2/20/15,3/7/15,8,32,0:01:13,0:01:13,0:00:00,0:00:00,0:30:09,0.040353787,0.040353787,0,0,1,1,7,0.142857143,0.142857143
0J82/24/2015,0J8,2/24/15,3/11/15,9,32,0:00:00,0:00:00,0:00:00,0:00:00,0:22:45,0,0,0,0,0,0,5,0,0
0J82/25/2015,0J8,2/25/15,3/12/15,9,32,0:02:00,0:02:00,0:00:00,0:00:00,0:30:09,0.066334992,0.066334992,0,0,0,6,7,0,0.857142857
0J82/26/2015,0J8,2/26/15,3/13/15,9,32,0:00:00,0:00:00,0:00:00,0:00:00,1:00:21,0,0,0,0,5,8,14,0.357142857,0.571428571
0J83/12/2015,0J8,3/12/15,3/27/15,11,32,0:30:22,0:19:25,0:10:57,0:00:00,1:31:11,0.333028697,0.212940961,0.120087735,0,2,7,21,0.095238095,0.333333333
0J83/17/2015,0J8,3/17/15,4/1/15,12,32,0:00:00,0:00:00,0:00:00,0:00:00,0:30:07,0,0,0,0,0,0,7,0,0
0J83/18/2015,0J8,3/18/15,4/2/15,12,32,0:22:27,0:22:27,0:00:00,0:00:00,1:02:16,0.360546039,0.360546039,0,0,5,10,14,0.357142857,0.714285714
0J83/19/2015,0J8,3/19/15,4/3/15,12,32,0:00:00,0:00:00,0:00:00,0:00:00,0:30:20,0,0,0,0,3,4,7,0.428571429,0.571428571
0J83/2/2015,0J8,3/2/15,3/17/15,10,32,0:09:54,0:09:54,0:00:00,0:00:00,0:31:13,0.317138281,0.317138281,0,0,0,2,7,0,0.285714286
0J83/23/2015,0J8,3/23/15,4/7/15,13,32,0:00:00,0:00:00,0:00:00,0:00:00,0:26:58,0,0,0,0,1,3,6,0.166666667,0.5
0J83/24/2015,0J8,3/24/15,4/8/15,13,32,0:00:00,0:00:00,0:00:00,0:00:00,0:30:05,0,0,0,0,0,0,7,0,0
0J83/27/2015,0J8,3/27/15,4/11/15,13,32,0:02:00,0:00:00,0:02:00,0:00:00,0:30:00,0.066666667,0,0.066666667,0,2,3,7,0.285714286,0.428571429
0J83/28/2015,0J8,3/28/15,4/12/15,13,32,0:04:00,0:00:00,0:04:00,0:00:00,0:36:00,0.111111111,0,0.111111111,0,1,2,7,0.142857143,0.285714286
0J83/3/2015,0J8,3/3/15,3/18/15,10,32,0:00:00,0:00:00,0:00:00,0:00:00,0:30:04,0,0,0,0,1,3,7,0.142857143,0.428571429
0J83/4/2015,0J8,3/4/15,3/19/15,10,32,0:00:00,0:00:00,0:00:00,0:00:00,0:30:01,0,0,0,0,1,3,7,0.142857143,0.428571429
0J83/6/2015,0J8,3/6/15,3/21/15,10,32,0:00:00,0:00:00,0:00:00,0:00:00,0:30:02,0,0,0,0,0,0,7,0,0
0J84/1/2015,0J8,4/1/15,4/16/15,14,32,0:00:00,0:00:00,0:00:00,0:00:00,0:30:08,0,0,0,0,3,4,7,0.428571429,0.571428571
0J84/14/2015,0J8,4/14/15,4/29/15,16,32,0:06:00,0:04:00,0:02:00,0:00:00,0:30:00,0.2,0.133333333,0.066666667,0,4,7,7,0.571428571,1
0J84/15/2015,0J8,4/15/15,4/30/15,16,32,0:11:07,0:02:57,0:08:10,0:00:00,1:00:08,0.184866962,0.04905765,0.135809313,0,1,5,13,0.076923077,0.384615385
0J84/17/2015,0J8,4/17/15,5/2/15,16,32,0:00:00,0:00:00,0:00:00,0:00:00,0:30:00,0,0,0,0,5,10,7,0.714285714,1.428571429
0J84/2/2015,0J8,4/2/15,4/17/15,14,32,0:00:00,0:00:00,0:00:00,0:00:00,0:30:10,0,0,0,0,0,1,7,0,0.142857143
0J84/20/2015,0J8,4/20/15,5/5/15,17,32,0:09:55,0:05:51,0:04:04,0:00:00,0:30:11,0.328547764,0.193815572,0.134732192,0,0,4,7,0,0.571428571
0J84/21/2015,0J8,4/21/15,5/6/15,17,32,0:00:00,0:00:00,0:00:00,0:00:00,1:01:03,0,0,0,0,9,19,14,0.642857143,1.357142857
0J84/23/2015,0J8,4/23/15,5/8/15,17,32,0:19:28,0:16:18,0:03:10,0:01:42,0:45:30,0.427838828,0.358241758,0.06959707,0.037362637,4,11,9,0.444444444,1.222222222
0J84/3/2015,0J8,4/3/15,4/18/15,14,32,0:00:00,0:00:00,0:00:00,0:00:00,1:01:00,0,0,0,0,6,16,14,0.428571429,1.142857143
0J84/7/2015,0J8,4/7/15,4/22/15,15,32,0:00:00,0:00:00,0:00:00,0:00:00,0:30:40,0,0,0,0,6,13,7,0.857142857,1.857142857
0J84/8/2015,0J8,4/8/15,4/23/15,15,32,0:11:26,0:01:32,0:09:54,0:00:00,1:00:23,0.189345846,0.02539332,0.163952526,0,0,4,13,0,0.307692308
0J84/9/2015,0J8,4/9/15,4/24/15,15,32,0:17:58,0:11:10,0:06:48,0:00:00,0:30:17,0.593285636,0.368739681,0.224545955,0,0,5,7,0,0.714285714
1E51/20/2015,1.00E+05,1/20/15,2/4/15,4,25,0:00:00,0:00:00,0:00:00,0:00:00,0:45:10,0,0,0,0,4,4,10,0.4,0.4
1E51/21/2015,1.00E+05,1/21/15,2/5/15,4,25,0:00:00,0:00:00,0:00:00,0:00:00,0:30:04,0,0,0,0,0,2,7,0,0.285714286
1E51/23/2015,1.00E+05,1/23/15,2/7/15,4,25,0:00:00,0:00:00,0:00:00,0:00:00,0:30:05,0,0,0,0,2,5,7,0.285714286,0.714285714
1E51/26/2015,1.00E+05,1/26/15,2/10/15,5,25,0:00:00,0:00:00,0:00:00,0:00:00,0:30:16,0,0,0,0,0,2,7,0,0.285714286
1E51/27/2015,1.00E+05,1/27/15,2/11/15,5,25,0:00:00,0:00:00,0:00:00,0:00:00,0:30:44,0,0,0,0,0,0,7,0,0
1E51/28/2015,1.00E+05,1/28/15,2/12/15,5,25,0:08:22,0:04:34,0:03:48,0:03:06,1:00:26,0.138444567,0.075565361,0.062879206,0.051296194,1,1,14,0.071428571,0.071428571
1E52/10/2015,1.00E+05,2/10/15,2/25/15,7,25,0:00:35,0:00:35,0:00:00,0:00:35,0:30:08,0.019358407,0.019358407,0,0.019358407,1,4,7,0.142857143,0.571428571
1E52/17/2015,1.00E+05,2/17/15,3/4/15,8,25,0:00:00,0:00:00,0:00:00,0:00:00,1:00:36,0,0,0,0,1,2,14,0.071428571,0.142857143
1E52/18/2015,1.00E+05,2/18/15,3/5/15,8,25,0:00:00,0:00:00,0:00:00,0:00:00,0:30:27,0,0,0,0,1,2,6,0.166666667,0.333333333
1E52/26/2015,1.00E+05,2/26/15,3/13/15,9,25,0:00:00,0:00:00,0:00:00,0:00:00,0:25:29,0,0,0,0,2,5,6,0.333333333,0.833333333
1E52/27/2015,1.00E+05,2/27/15,3/14/15,9,25,0:00:00,0:00:00,0:00:00,0:00:00,1:01:00,0,0,0,0,0,0,14,0,0
1E52/3/2015,1.00E+05,2/3/15,2/18/15,6,25,0:00:00,0:00:00,0:00:00,0:00:00,0:29:49,0,0,0,0,0,0,6,0,0
1E52/6/2015,1.00E+05,2/6/15,2/21/15,6,25,0:00:00,0:00:00,0:00:00,0:00:00,0:30:18,0,0,0,0,0,0,7,0,0
1E52/9/2015,1.00E+05,2/9/15,2/24/15,7,25,0:14:03,0:14:01,0:00:02,0:09:02,0:30:26,0.461664841,0.460569551,0.00109529,0.296823658,3,3,7,0.428571429,0.428571429
1E53/12/2015,1.00E+05,3/12/15,3/27/15,11,25,0:00:00,0:00:00,0:00:00,0:00:00,0:30:15,0,0,0,0,0,0,7,0,0
1E53/13/2015,1.00E+05,3/13/15,3/28/15,11,25,0:00:00,0:00:00,0:00:00,0:00:00,0:55:37,0,0,0,0,0,0,13,0,0
1E53/17/2015,1.00E+05,3/17/15,4/1/15,12,25,0:00:00,0:00:00,0:00:00,0:00:00,0:30:04,0,0,0,0,0,0,7,0,0
1E53/18/2015,1.00E+05,3/18/15,4/2/15,12,25,0:01:43,0:01:43,0:00:00,0:01:43,0:30:34,0.056161396,0.056161396,0,0.056161396,2,4,7,0.285714286,0.571428571
1E53/19/2015,1.00E+05,3/19/15,4/3/15,12,25,0:00:00,0:00:00,0:00:00,0:00:00,0:30:05,0,0,0,0,0,0,7,0,0
1E53/2/2015,1.00E+05,3/2/15,3/17/15,10,25,0:00:00,0:00:00,0:00:00,0:00:00,0:29:33,0,0,0,0,0,0,7,0,0
1E53/20/2015,1.00E+05,3/20/15,4/4/15,12,25,0:00:00,0:00:00,0:00:00,0:00:00,0:31:29,0,0,0,0,19,30,7,2.714285714,4.285714286
1E53/24/2015,1.00E+05,3/24/15,4/8/15,13,25,0:02:34,0:02:34,0:00:00,0:00:00,0:31:22,0.081827843,0.081827843,0,0,9,11,7,1.285714286,1.571428571
1E53/25/2015,1.00E+05,3/25/15,4/9/15,13,25,0:00:00,0:00:00,0:00:00,0:00:00,0:30:00,0,0,0,0,6,14,7,0.857142857,2
1E53/3/2015,1.00E+05,3/3/15,3/18/15,10,25,0:00:00,0:00:00,0:00:00,0:00:00,0:27:43,0,0,0,0,1,1,6,0.166666667,0.166666667
1E53/5/2015,1.00E+05,3/5/15,3/20/15,10,25,0:00:00,0:00:00,0:00:00,0:00:00,0:45:58,0,0,0,0,2,4,11,0.181818182,0.363636364
1E54/1/2015,1.00E+05,4/1/15,4/16/15,14,25,0:05:56,0:05:56,0:00:00,0:00:00,0:30:03,0.197448697,0.197448697,0,0,0,0,7,0,0
1E54/13/2015,1.00E+05,4/13/15,4/28/15,16,25,0:00:00,0:00:00,0:00:00,0:00:00,0:30:11,0,0,0,0,1,2,7,0.142857143,0.285714286
1E54/14/2015,1.00E+05,4/14/15,4/29/15,16,25,0:08:00,0:08:00,0:00:00,0:03:00,0:30:00,0.266666667,0.266666667,0,0.1,5,8,7,0.714285714,1.142857143
1E54/15/2015,1.00E+05,4/15/15,4/30/15,16,25,0:16:56,0:16:56,0:00:00,0:08:34,0:30:06,0.562569214,0.562569214,0,0.284606866,5,6,7,0.714285714,0.857142857
1E54/16/2015,1.00E+05,4/16/15,5/1/15,16,25,0:01:00,0:01:00,0:00:00,0:01:00,0:30:00,0.033333333,0.033333333,0,0.033333333,3,5,7,0.428571429,0.714285714
1E54/2/2015,1.00E+05,4/2/15,4/17/15,14,25,0:00:00,0:00:00,0:00:00,0:00:00,0:30:02,0,0,0,0,0,0,7,0,0
1E54/20/2015,1.00E+05,4/20/15,5/5/15,17,25,0:00:00,0:00:00,0:00:00,0:00:00,1:00:45,0,0,0,0,21,28,14,1.5,2
1E54/22/2015,1.00E+05,4/22/15,5/7/15,17,25,0:15:47,0:15:47,0:00:00,0:10:59,0:30:19,0.520615723,0.520615723,0,0.362286971,11,13,7,1.571428571,1.857142857
1E54/23/2015,1.00E+05,4/23/15,5/8/15,17,25,0:00:00,0:00:00,0:00:00,0:00:00,0:30:04,0,0,0,0,0,3,7,0,0.428571429
1E54/3/2015,1.00E+05,4/3/15,4/18/15,14,25,0:18:57,0:18:54,0:00:03,0:13:40,1:01:23,0.308715721,0.307901168,0.000814553,0.222644583,8,19,12,0.666666667,1.583333333
1E54/6/2015,1.00E+05,4/6/15,4/21/15,15,25,0:00:00,0:00:00,0:00:00,0:00:00,0:27:06,0,0,0,0,0,0,5,0,0
1E54/7/2015,1.00E+05,4/7/15,4/22/15,15,25,0:28:39,0:28:02,0:00:37,0:27:45,1:30:42,0.315876516,0.309077545,0.006798971,0.305953693,10,12,19,0.526315789,0.631578947
2J92/10/2015,2J9,2/10/15,2/25/15,7,29,0:00:00,0:00:00,0:00:00,0:00:00,0:30:58,0,0,0,0,14,17,7,2,2.428571429
2J92/16/2015,2J9,2/16/15,3/3/15,8,29,0:13:25,0:07:53,0:05:32,0:00:00,0:32:18,0.415376677,0.244066047,0.17131063,0,1,3,7,0.142857143,0.428571429
2J92/18/2015,2J9,2/18/15,3/5/15,8,29,0:00:00,0:00:00,0:00:00,0:00:00,0:30:08,0,0,0,0,2,4,7,0.285714286,0.571428571
2J92/20/2015,2J9,2/20/15,3/7/15,8,29,0:01:52,0:00:00,0:01:52,0:01:52,1:00:38,0.030786146,0,0.030786146,0.030786146,17,23,14,1.214285714,1.642857143
2J92/23/2015,2J9,2/23/15,3/10/15,9,29,0:00:00,0:00:00,0:00:00,0:00:00,1:00:45,0,0,0,0,12,17,14,0.857142857,1.214285714
2J92/24/2015,2J9,2/24/15,3/11/15,9,29,0:00:00,0:00:00,0:00:00,0:00:00,1:01:04,0,0,0,0,13,15,14,0.928571429,1.071428571
2J93/10/2015,2J9,3/10/15,3/25/15,11,29,0:00:00,0:00:00,0:00:00,0:00:00,0:30:24,0,0,0,0,4,5,7,0.571428571,0.714285714
2J93/12/2015,2J9,3/12/15,3/27/15,11,29,0:05:42,0:05:42,0:00:00,0:00:00,0:30:12,0.188741722,0.188741722,0,0,0,0,7,0,0
2J93/13/2015,2J9,3/13/15,3/28/15,11,29,0:00:00,0:00:00,0:00:00,0:00:00,0:30:34,0,0,0,0,32,35,7,4.571428571,5
2J93/16/2015,2J9,3/16/15,3/31/15,12,29,0:15:00,0:13:05,0:01:55,0:00:00,1:00:41,0.247184839,0.21560011,0.031584729,0,14,18,14,1,1.285714286
2J93/18/2015,2J9,3/18/15,4/2/15,12,29,0:12:12,0:00:00,0:12:12,0:00:00,0:30:13,0.403750689,0,0.403750689,0,0,0,7,0,0
2J93/20/2015,2J9,3/20/15,4/4/15,12,29,0:07:43,0:07:43,0:00:00,0:00:00,0:31:12,0.24732906,0.24732906,0,0,28,38,7,4,5.428571429
2J93/23/2015,2J9,3/23/15,4/7/15,13,29,0:00:00,0:00:00,0:00:00,0:00:00,0:31:28,0,0,0,0,6,7,7,0.857142857,1
2J93/26/2015,2J9,3/26/15,4/10/15,13,29,0:00:00,0:00:00,0:00:00,0:00:00,0:30:00,0,0,0,0,3,9,7,0.428571429,1.285714286
2J93/31/2015,2J9,3/31/15,4/15/15,14,29,0:00:50,0:00:50,0:00:00,0:00:00,0:30:05,0.027700831,0.027700831,0,0,1,1,7,0.142857143,0.142857143
2J93/4/2015,2J9,3/4/15,3/19/15,10,29,0:00:00,0:00:00,0:00:00,0:00:00,1:01:14,0,0,0,0,11,17,14,0.785714286,1.214285714
2J93/6/2015,2J9,3/6/15,3/21/15,10,29,0:19:06,0:18:06,0:01:00,0:19:06,1:01:08,0.312431843,0.296074155,0.016357688,0.312431843,21,27,14,1.5,1.928571429
2J94/1/2015,2J9,4/1/15,4/16/15,14,29,0:08:30,0:00:00,0:08:30,0:00:00,0:30:45,0.276422764,0,0.276422764,0,15,18,7,2.142857143,2.571428571
2J94/13/2015,2J9,4/13/15,4/28/15,16,29,0:00:00,0:00:00,0:00:00,0:00:00,0:31:00,0,0,0,0,20,28,7,2.857142857,4
2J94/14/2015,2J9,4/14/15,4/29/15,16,29,0:04:28,0:04:28,0:00:00,0:00:00,1:02:21,0.071638599,0.071638599,0,0,7,10,14,0.5,0.714285714
2J94/15/2015,2J9,4/15/15,4/30/15,16,29,0:14:00,0:08:00,0:06:00,0:00:00,0:30:00,0.466666667,0.266666667,0.2,0,1,2,7,0.142857143,0.285714286
2J94/20/2015,2J9,4/20/15,5/5/15,17,29,0:00:00,0:00:00,0:00:00,0:00:00,0:30:30,0,0,0,0,15,19,6,2.5,3.166666667
2J94/21/2015,2J9,4/21/15,5/6/15,17,29,0:00:00,0:00:00,0:00:00,0:00:00,1:00:49,0,0,0,0,12,14,14,0.857142857,1
2J94/22/2015,2J9,4/22/15,5/7/15,17,29,0:00:00,0:00:00,0:00:00,0:00:00,0:30:01,0,0,0,0,9,11,7,1.285714286,1.571428571
2J94/3/2015,2J9,4/3/15,4/18/15,14,29,0:00:00,0:00:00,0:00:00,0:00:00,0:30:14,0,0,0,0,19,20,7,2.714285714,2.857142857
2J94/6/2015,2J9,4/6/15,4/21/15,15,29,0:01:14,0:01:14,0:00:00,0:00:00,1:01:09,0.020168983,0.020168983,0,0,29,40,14,2.071428571,2.857142857
2J94/9/2015,2J9,4/9/15,4/24/15,15,29,0:10:01,0:00:00,0:10:01,0:03:18,1:00:33,0.165428021,0,0.165428021,0.054500413,18,21,14,1.285714286,1.5
3I22/17/2015,3I2,2/17/15,3/4/15,8,14,0:00:02,0:00:00,0:00:02,0:00:00,0:44:11,0.000754432,0,0.000754432,0,16,23,9,1.777777778,2.555555556
3I22/18/2015,3I2,2/18/15,3/5/15,8,14,0:07:38,0:07:20,0:00:18,0:07:38,0:30:19,0.251786696,0.241891149,0.009895547,0.251786696,7,10,7,1,1.428571429
3I22/2/2015,3I2,2/2/15,2/17/15,6,14,0:00:02,0:00:02,0:00:00,0:00:02,0:30:43,0.001085187,0.001085187,0,0.001085187,7,9,7,1,1.285714286
3I22/24/2015,3I2,2/24/15,3/11/15,9,14,0:03:37,0:03:37,0:00:00,0:00:00,0:30:22,0.11909989,0.11909989,0,0,1,3,7,0.142857143,0.428571429
3I22/25/2015,3I2,2/25/15,3/12/15,9,14,0:04:22,0:04:22,0:00:00,0:04:22,1:32:16,0.04732659,0.04732659,0,0.04732659,32,39,21,1.523809524,1.857142857
3I22/26/2015,3I2,2/26/15,3/13/15,9,14,0:00:00,0:00:00,0:00:00,0:00:00,0:17:00,0,0,0,0,2,2,4,0.5,0.5
3I22/9/2015,3I2,2/9/15,2/24/15,7,14,0:01:31,0:01:31,0:00:00,0:00:00,0:35:52,0.042286245,0.042286245,0,0,4,4,6,0.666666667,0.666666667
3I23/10/2015,3I2,3/10/15,3/25/15,11,14,0:00:19,0:00:19,0:00:00,0:00:19,0:30:27,0.010399562,0.010399562,0,0.010399562,11,13,7,1.571428571,1.857142857
3I23/11/2015,3I2,3/11/15,3/26/15,11,14,0:08:04,0:04:21,0:03:43,0:08:04,0:30:02,0.268590455,0.144839068,0.123751387,0.268590455,7,7,7,1,1
3I23/13/2015,3I2,3/13/15,3/28/15,11,14,0:07:23,0:07:23,0:00:00,0:07:23,0:30:31,0.241944293,0.241944293,0,0.241944293,25,30,7,3.571428571,4.285714286
3I23/16/2015,3I2,3/16/15,3/31/15,12,14,0:03:30,0:03:30,0:00:00,0:03:30,1:00:45,0.057613169,0.057613169,0,0.057613169,69,82,13,5.307692308,6.307692308
3I23/19/2015,3I2,3/19/15,4/3/15,12,14,0:08:37,0:08:37,0:00:00,0:08:02,1:01:09,0.14091033,0.14091033,0,0.131370946,29,33,13,2.230769231,2.538461538
3I23/2/2015,3I2,3/2/15,3/17/15,10,14,0:00:00,0:00:00,0:00:00,0:00:00,0:30:32,0,0,0,0,11,18,7,1.571428571,2.571428571
3I23/23/2015,3I2,3/23/15,4/7/15,13,14,0:00:00,0:00:00,0:00:00,0:00:00,0:30:00,0,0,0,0,21,28,5,4.2,5.6
3I23/24/2015,3I2,3/24/15,4/8/15,13,14,0:15:59,0:15:20,0:00:39,0:00:00,0:29:53,0.53485778,0.513106525,0.021751255,0,8,11,8,1,1.375
3I23/25/2015,3I2,3/25/15,4/9/15,13,14,0:03:39,0:01:39,0:02:00,0:03:39,0:30:05,0.12132964,0.054847645,0.066481994,0.12132964,1,4,6,0.166666667,0.666666667
3I23/27/2015,3I2,3/27/15,4/11/15,13,14,0:00:00,0:00:00,0:00:00,0:00:00,0:30:00,0,0,0,0,3,12,7,0.428571429,1.714285714
3I23/3/2015,3I2,3/3/15,3/18/15,10,14,0:01:08,0:01:08,0:00:00,0:00:00,0:30:34,0.037077426,0.037077426,0,0,3,4,7,0.428571429,0.571428571
3I23/31/2015,3I2,3/31/15,4/15/15,14,14,0:20:37,0:03:14,0:17:23,0:20:37,0:30:08,0.684181416,0.107300885,0.576880531,0.684181416,6,8,7,0.857142857,1.142857143
3I23/4/2015,3I2,3/4/15,3/19/15,10,14,0:11:36,0:11:36,0:00:00,0:00:00,0:30:56,0.375,0.375,0,0,20,31,7,2.857142857,4.428571429
3I23/6/2015,3I2,3/6/15,3/21/15,10,14,0:00:00,0:00:00,0:00:00,0:00:00,0:30:34,0,0,0,0,4,7,6,0.666666667,1.166666667
3I23/9/2015,3I2,3/9/15,3/24/15,11,14,0:00:00,0:00:00,0:00:00,0:00:00,0:20:51,0,0,0,0,6,10,5,1.2,2
3I24/1/2015,3I2,4/1/15,4/16/15,14,14,0:09:36,0:02:50,0:06:46,0:00:00,0:30:33,0.314238953,0.092744135,0.221494817,0,7,18,7,1,2.571428571
3I24/14/2015,3I2,4/14/15,4/29/15,16,14,0:18:05,0:18:05,0:00:00,0:18:05,1:00:05,0.300970874,0.300970874,0,0.300970874,38,46,14,2.714285714,3.285714286
3I24/15/2015,3I2,4/15/15,4/30/15,16,14,0:03:08,0:03:08,0:00:00,0:03:08,0:30:09,0.10392482,0.10392482,0,0.10392482,5,5,7,0.714285714,0.714285714
3I24/16/2015,3I2,4/16/15,5/1/15,16,14,0:00:00,0:00:00,0:00:00,0:00:00,0:30:00,0,0,0,0,10,13,7,1.428571429,1.857142857
3I24/20/2015,3I2,4/20/15,5/5/15,17,14,0:00:00,0:00:00,0:00:00,0:00:00,0:30:30,0,0,0,0,40,53,7,5.714285714,7.571428571
3I24/21/2015,3I2,4/21/15,5/6/15,17,14,0:08:26,0:06:04,0:02:22,0:04:09,0:30:37,0.275449102,0.198149156,0.077299946,0.135547088,10,10,7,1.428571429,1.428571429
3I24/22/2015,3I2,4/22/15,5/7/15,17,14,0:11:10,0:10:41,0:00:29,0:00:00,1:00:16,0.185287611,0.177267699,0.008019912,0,6,14,13,0.461538462,1.076923077
3I24/3/2015,3I2,4/3/15,4/18/15,14,14,0:10:38,0:10:38,0:00:00,0:00:00,1:00:43,0.175130387,0.175130387,0,0,16,26,14,1.142857143,1.857142857
3I24/6/2015,3I2,4/6/15,4/21/15,15,14,0:00:00,0:00:00,0:00:00,0:00:00,0:30:53,0,0,0,0,62,79,7,8.857142857,11.28571429
3I24/7/2015,3I2,4/7/15,4/22/15,15,14,0:14:23,0:03:24,0:10:59,0:03:04,1:00:16,0.238661504,0.056415929,0.182245575,0.050884956,18,29,14,1.285714286,2.071428571
3I24/8/2015,3I2,4/8/15,4/23/15,15,14,0:00:00,0:00:00,0:00:00,0:00:00,0:30:05,0,0,0,0,2,2,7,0.285714286,0.285714286
3I24/9/2015,3I2,4/9/15,4/24/15,15,14,0:00:00,0:00:00,0:00:00,0:00:00,0:30:27,0,0,0,0,9,12,7,1.285714286,1.714285714
3I31/16/2015,3I3,1/16/15,1/31/15,3,12,0:12:34,0:12:34,0:00:00,0:00:00,0:45:38,0.275383492,0.275383492,0,0,6,11,10,0.6,1.1
3I31/21/2015,3I3,1/21/15,2/5/15,4,12,0:10:46,0:03:18,0:07:28,0:09:06,0:30:19,0.355140187,0.108851017,0.24628917,0.300164926,6,9,7,0.857142857,1.285714286
3I31/26/2015,3I3,1/26/15,2/10/15,5,12,0:00:00,0:00:00,0:00:00,0:00:00,0:32:10,0,0,0,0,6,6,7,0.857142857,0.857142857
3I31/28/2015,3I3,1/28/15,2/12/15,5,12,0:03:18,0:03:18,0:00:00,0:03:18,1:03:13,0.052201424,0.052201424,0,0.052201424,14,17,13,1.076923077,1.307692308
3I31/30/2015,3I3,1/30/15,2/14/15,5,12,0:34:57,0:29:18,0:05:39,0:14:43,1:31:42,0.381134133,0.319520174,0.061613959,0.160487096,26,33,21,1.238095238,1.571428571
3I32/17/2015,3I3,2/17/15,3/4/15,8,12,0:00:13,0:00:13,0:00:00,0:00:13,0:30:53,0.00701565,0.00701565,0,0.00701565,17,17,7,2.428571429,2.428571429
3I32/18/2015,3I3,2/18/15,3/5/15,8,12,0:08:49,0:08:49,0:00:00,0:08:49,0:30:28,0.289387309,0.289387309,0,0.289387309,6,12,6,1,2
3I32/19/2015,3I3,2/19/15,3/6/15,8,12,0:13:57,0:13:57,0:00:00,0:13:57,0:30:09,0.462686567,0.462686567,0,0.462686567,7,7,7,1,1
3I32/20/2015,3I3,2/20/15,3/7/15,8,12,0:00:00,0:00:00,0:00:00,0:00:00,0:29:04,0,0,0,0,6,11,6,1,1.833333333
3I32/23/2015,3I3,2/23/15,3/10/15,9,12,0:05:47,0:05:47,0:00:00,0:05:47,0:31:01,0.186458893,0.186458893,0,0.186458893,13,13,7,1.857142857,1.857142857
3I32/24/2015,3I3,2/24/15,3/11/15,9,12,0:02:46,0:02:01,0:00:45,0:02:11,0:30:37,0.090364725,0.065868263,0.024496462,0.071311922,10,11,7,1.428571429,1.571428571
3I32/25/2015,3I3,2/25/15,3/12/15,9,12,0:00:06,0:00:00,0:00:06,0:00:00,0:30:14,0.003307607,0,0.003307607,0,7,9,7,1,1.285714286
3I32/26/2015,3I3,2/26/15,3/13/15,9,12,0:01:00,0:01:00,0:00:00,0:01:00,0:31:00,0.032258065,0.032258065,0,0.032258065,25,32,7,3.571428571,4.571428571
3I32/5/2015,3I3,2/5/15,2/20/15,6,12,0:02:56,0:02:06,0:00:50,0:02:56,0:30:12,0.097130243,0.069536424,0.027593819,0.097130243,9,14,7,1.285714286,2
3I32/9/2015,3I3,2/9/15,2/24/15,7,12,0:18:10,0:17:23,0:00:47,0:18:10,1:01:39,0.294674236,0.281968099,0.012706137,0.294674236,16,22,13,1.230769231,1.692307692
3I33/10/2015,3I3,3/10/15,3/25/15,11,12,0:10:50,0:03:59,0:06:51,0:10:50,1:01:13,0.176967057,0.065069426,0.111897631,0.176967057,39,43,14,2.785714286,3.071428571
3I33/13/2015,3I3,3/13/15,3/28/15,11,12,0:00:00,0:00:00,0:00:00,0:00:00,0:30:16,0,0,0,0,7,11,7,1,1.571428571
3I33/17/2015,3I3,3/17/15,4/1/15,12,12,0:33:27,0:22:54,0:10:33,0:33:27,1:34:46,0.352972212,0.241646148,0.111326064,0.352972212,41,62,19,2.157894737,3.263157895
3I33/18/2015,3I3,3/18/15,4/2/15,12,12,0:00:00,0:00:00,0:00:00,0:00:00,0:31:33,0,0,0,0,53,73,8,6.625,9.125
3I33/23/2015,3I3,3/23/15,4/7/15,13,12,0:00:05,0:00:00,0:00:05,0:00:00,0:30:50,0.002702703,0,0.002702703,0,70,85,7,10,12.14285714
3I33/25/2015,3I3,3/25/15,4/9/15,13,12,0:00:00,0:00:00,0:00:00,0:00:00,0:30:13,0,0,0,0,13,25,7,1.857142857,3.571428571
3I33/27/2015,3I3,3/27/15,4/11/15,13,12,0:04:00,0:01:00,0:03:00,0:04:00,0:31:00,0.129032258,0.032258065,0.096774194,0.129032258,43,54,7,6.142857143,7.714285714
3I33/3/2015,3I3,3/3/15,3/18/15,10,12,0:00:00,0:00:00,0:00:00,0:00:00,1:00:40,0,0,0,0,17,23,14,1.214285714,1.642857143
3I33/5/2015,3I3,3/5/15,3/20/15,10,12,0:00:00,0:00:00,0:00:00,0:00:00,0:30:00,0,0,0,0,47,61,7,6.714285714,8.714285714
3I33/6/2015,3I3,3/6/15,3/21/15,10,12,0:00:00,0:00:00,0:00:00,0:00:00,0:29:58,0,0,0,0,5,7,7,0.714285714,1
3I33/9/2015,3I3,3/9/15,3/24/15,11,12,0:23:58,0:23:58,0:00:00,0:06:42,0:30:16,0.79185022,0.79185022,0,0.221365639,15,15,7,2.142857143,2.142857143
3I34/1/2015,3I3,4/1/15,4/16/15,14,12,0:00:00,0:00:00,0:00:00,0:00:00,1:01:04,0,0,0,0,45,52,14,3.214285714,3.714285714
3I34/13/2015,3I3,4/13/15,4/28/15,16,12,0:09:11,0:01:37,0:07:34,0:09:11,0:30:12,0.304083885,0.053532009,0.250551876,0.304083885,11,12,7,1.571428571,1.714285714
3I34/14/2015,3I3,4/14/15,4/29/15,16,12,0:09:00,0:02:00,0:07:00,0:09:00,0:30:00,0.3,0.066666667,0.233333333,0.3,12,13,7,1.714285714,1.857142857
3I34/15/2015,3I3,4/15/15,4/30/15,16,12,0:13:00,0:11:00,0:02:00,0:13:00,0:30:00,0.433333333,0.366666667,0.066666667,0.433333333,13,13,7,1.857142857,1.857142857
3I34/16/2015,3I3,4/16/15,5/1/15,16,12,0:19:19,0:07:00,0:12:19,0:19:19,1:00:17,0.320431297,0.11611833,0.204312967,0.320431297,19,27,14,1.357142857,1.928571429
3I34/2/2015,3I3,4/2/15,4/17/15,14,12,0:00:00,0:00:00,0:00:00,0:00:00,0:30:04,0,0,0,0,15,16,7,2.142857143,2.285714286
3I34/20/2015,3I3,4/20/15,5/5/15,17,12,0:03:39,0:01:48,0:01:51,0:03:23,0:30:05,0.12132964,0.059833795,0.061495845,0.112465374,27,28,7,3.857142857,4
3I34/21/2015,3I3,4/21/15,5/6/15,17,12,0:14:36,0:13:03,0:01:33,0:14:36,1:00:32,0.241189427,0.2155837,0.025605727,0.241189427,20,26,14,1.428571429,1.857142857
3I34/23/2015,3I3,4/23/15,5/8/15,17,12,0:00:53,0:00:36,0:00:17,0:00:17,0:30:56,0.028556034,0.019396552,0.009159483,0.009159483,42,65,7,6,9.285714286
3I34/6/2015,3I3,4/6/15,4/21/15,15,12,0:14:02,0:08:30,0:05:32,0:14:02,1:00:52,0.230558598,0.139649507,0.090909091,0.230558598,34,38,13,2.615384615,2.923076923
3I34/8/2015,3I3,4/8/15,4/23/15,15,12,0:06:27,0:00:00,0:06:27,0:06:27,0:30:39,0.210440457,0,0.210440457,0.210440457,27,30,7,3.857142857,4.285714286
3I34/9/2015,3I3,4/9/15,4/24/15,15,12,0:20:44,0:15:13,0:05:31,0:20:44,0:30:07,0.688433868,0.505257333,0.183176536,0.688433868,11,11,7,1.571428571,1.571428571
3I51/19/2015,3I5,1/19/15,2/3/15,4,13,0:09:05,0:03:13,0:05:52,0:09:05,0:45:49,0.198253911,0.070207348,0.128046562,0.198253911,11,11,10,1.1,1.1
3I51/20/2015,3I5,1/20/15,2/4/15,4,13,0:06:44,0:06:44,0:00:00,0:02:49,0:46:11,0.145795742,0.145795742,0,0.060988813,12,16,10,1.2,1.6
3I51/26/2015,3I5,1/26/15,2/10/15,5,13,0:08:40,0:07:28,0:01:12,0:01:12,0:30:35,0.283378747,0.244141689,0.039237057,0.039237057,18,29,7,2.571428571,4.142857143
3I51/28/2015,3I5,1/28/15,2/12/15,5,13,0:00:00,0:00:00,0:00:00,0:00:00,0:29:47,0,0,0,0,4,7,6,0.666666667,1.166666667
3I51/29/2015,3I5,1/29/15,2/13/15,5,13,0:00:00,0:00:00,0:00:00,0:00:00,0:30:22,0,0,0,0,12,12,7,1.714285714,1.714285714
3I51/30/2015,3I5,1/30/15,2/14/15,5,13,0:00:26,0:00:26,0:00:00,0:00:26,0:54:37,0.007934086,0.007934086,0,0.007934086,9,20,10,0.9,2
3I52/16/2015,3I5,2/16/15,3/3/15,8,13,0:00:00,0:00:00,0:00:00,0:00:00,0:30:26,0,0,0,0,6,6,7,0.857142857,0.857142857
3I52/18/2015,3I5,2/18/15,3/5/15,8,13,0:05:50,0:05:50,0:00:00,0:05:50,0:29:50,0.195530726,0.195530726,0,0.195530726,10,11,7,1.428571429,1.571428571
3I52/19/2015,3I5,2/19/15,3/6/15,8,13,0:10:37,0:10:30,0:00:07,0:08:55,1:02:52,0.168875928,0.167020148,0.001855779,0.141834571,14,15,13,1.076923077,1.153846154
3I52/24/2015,3I5,2/24/15,3/11/15,9,13,0:00:00,0:00:00,0:00:00,0:00:00,1:24:31,0,0,0,0,37,45,19,1.947368421,2.368421053
3I52/25/2015,3I5,2/25/15,3/12/15,9,13,0:00:00,0:00:00,0:00:00,0:00:00,0:29:00,0,0,0,0,2,2,7,0.285714286,0.285714286
3I52/3/2015,3I5,2/3/15,2/18/15,6,13,0:00:00,0:00:00,0:00:00,0:00:00,0:29:56,0,0,0,0,5,8,7,0.714285714,1.142857143
3I52/9/2015,3I5,2/9/15,2/24/15,7,13,0:10:24,0:01:38,0:08:46,0:10:24,0:30:23,0.342292924,0.053757543,0.288535381,0.342292924,9,12,7,1.285714286,1.714285714
3I53/10/2015,3I5,3/10/15,3/25/15,11,13,0:09:50,0:09:50,0:00:00,0:00:00,0:30:31,0.322228291,0.322228291,0,0,14,18,7,2,2.571428571
3I53/11/2015,3I5,3/11/15,3/26/15,11,13,0:00:00,0:00:00,0:00:00,0:00:00,0:30:15,0,0,0,0,10,14,7,1.428571429,2
3I53/12/2015,3I5,3/12/15,3/27/15,11,13,0:06:08,0:02:17,0:03:51,0:06:08,0:30:24,0.201754386,0.075109649,0.126644737,0.201754386,6,7,7,0.857142857,1
3I53/16/2015,3I5,3/16/15,3/31/15,12,13,0:05:33,0:05:33,0:00:00,0:00:00,1:00:34,0.091634562,0.091634562,0,0,15,31,14,1.071428571,2.214285714
3I53/19/2015,3I5,3/19/15,4/3/15,12,13,0:05:43,0:00:00,0:05:43,0:05:43,0:30:39,0.18651441,0,0.18651441,0.18651441,19,26,7,2.714285714,3.714285714
3I53/2/2015,3I5,3/2/15,3/17/15,10,13,0:00:04,0:00:00,0:00:04,0:00:00,0:22:13,0.00300075,0,0.00300075,0,4,7,4,1,1.75
3I53/20/2015,3I5,3/20/15,4/4/15,12,13,0:08:12,0:07:46,0:00:26,0:00:00,0:30:34,0.268266085,0.254089422,0.014176663,0,9,15,7,1.285714286,2.142857143
3I53/23/2015,3I5,3/23/15,4/7/15,13,13,0:15:44,0:10:19,0:05:25,0:00:00,1:31:51,0.171293776,0.112320813,0.058972963,0,23,47,21,1.095238095,2.238095238
3I53/25/2015,3I5,3/25/15,4/9/15,13,13,0:00:00,0:00:00,0:00:00,0:00:00,0:27:45,0,0,0,0,2,5,6,0.333333333,0.833333333
3I53/3/2015,3I5,3/3/15,3/18/15,10,13,0:18:16,0:18:16,0:00:00,0:18:16,0:58:51,0.310393656,0.310393656,0,0.310393656,27,30,13,2.076923077,2.307692308
3I53/30/2015,3I5,3/30/15,4/14/15,14,13,0:16:22,0:16:22,0:00:00,0:00:00,0:30:12,0.541942605,0.541942605,0,0,3,7,7,0.428571429,1
3I53/31/2015,3I5,3/31/15,4/15/15,14,13,0:00:00,0:00:00,0:00:00,0:00:00,0:30:28,0,0,0,0,13,19,6,2.166666667,3.166666667
3I53/6/2015,3I5,3/6/15,3/21/15,10,13,0:10:00,0:08:00,0:02:00,0:04:00,0:30:00,0.333333333,0.266666667,0.066666667,0.133333333,3,4,7,0.428571429,0.571428571
3I53/9/2015,3I5,3/9/15,3/24/15,11,13,0:00:00,0:00:00,0:00:00,0:00:00,0:29:56,0,0,0,0,10,15,7,1.428571429,2.142857143
3I54/1/2015,3I5,4/1/15,4/16/15,14,13,0:19:55,0:15:10,0:04:45,0:19:55,0:30:53,0.644900162,0.491095521,0.153804641,0.644900162,6,17,7,0.857142857,2.428571429
3I54/13/2015,3I5,4/13/15,4/28/15,16,13,0:01:11,0:00:00,0:01:11,0:01:11,0:30:03,0.039378813,0,0.039378813,0.039378813,7,7,6,1.166666667,1.166666667
3I54/14/2015,3I5,4/14/15,4/29/15,16,13,0:10:00,0:10:00,0:00:00,0:00:00,1:00:06,0.166389351,0.166389351,0,0,18,19,14,1.285714286,1.357142857
3I54/16/2015,3I5,4/16/15,5/1/15,16,13,0:03:00,0:03:00,0:00:00,0:03:00,0:30:00,0.1,0.1,0,0.1,16,22,7,2.285714286,3.142857143
3I54/2/2015,3I5,4/2/15,4/17/15,14,13,0:08:08,0:05:25,0:02:43,0:08:08,1:01:30,0.132249322,0.088075881,0.044173442,0.132249322,22,33,14,1.571428571,2.357142857
3I54/20/2015,3I5,4/20/15,5/5/15,17,13,0:00:00,0:00:00,0:00:00,0:00:00,0:30:28,0,0,0,0,4,7,7,0.571428571,1
3I54/21/2015,3I5,4/21/15,5/6/15,17,13,0:17:32,0:06:00,0:11:32,0:00:00,0:30:22,0.577387486,0.197585071,0.379802415,0,8,8,7,1.142857143,1.142857143
3I54/22/2015,3I5,4/22/15,5/7/15,17,13,0:00:00,0:00:00,0:00:00,0:00:00,0:22:22,0,0,0,0,0,0,5,0,0
3I54/25/2015,3I5,4/25/15,5/10/15,17,13,0:00:00,0:00:00,0:00:00,0:00:00,0:30:00,0,0,0,0,6,7,7,0.857142857,1
3I54/6/2015,3I5,4/6/15,4/21/15,15,13,0:01:22,0:01:22,0:00:00,0:00:00,0:30:25,0.044931507,0.044931507,0,0,12,17,7,1.714285714,2.428571429
3I54/7/2015,3I5,4/7/15,4/22/15,15,13,0:20:03,0:20:03,0:00:00,0:00:00,0:30:12,0.663907285,0.663907285,0,0,2,5,7,0.285714286,0.714285714
3I54/8/2015,3I5,4/8/15,4/23/15,15,13,0:00:00,0:00:00,0:00:00,0:00:00,0:30:31,0,0,0,0,18,23,7,2.571428571,3.285714286
3I54/9/2015,3I5,4/9/15,4/24/15,15,13,0:00:00,0:00:00,0:00:00,0:00:00,0:30:11,0,0,0,0,8,9,7,1.142857143,1.285714286
4I81/29/2015,4I8,1/29/15,2/13/15,5,16,0:00:00,0:00:00,0:00:00,0:00:00,0:30:11,0,0,0,0,2,3,6,0.333333333,0.5
4I82/16/2015,4I8,2/16/15,3/3/15,8,16,0:06:12,0:06:12,0:00:00,0:06:12,0:30:35,0.202724796,0.202724796,0,0.202724796,12,18,7,1.714285714,2.571428571
4I82/18/2015,4I8,2/18/15,3/5/15,8,16,0:00:00,0:00:00,0:00:00,0:00:00,0:30:18,0,0,0,0,7,12,7,1,1.714285714
4I82/20/2015,4I8,2/20/15,3/7/15,8,16,0:03:02,0:03:02,0:00:00,0:01:27,0:30:34,0.099236641,0.099236641,0,0.047437296,1,6,7,0.142857143,0.857142857
4I82/24/2015,4I8,2/24/15,3/11/15,9,16,0:27:50,0:27:50,0:00:00,0:00:00,1:31:14,0.305078553,0.305078553,0,0,11,18,21,0.523809524,0.857142857
4I82/26/2015,4I8,2/26/15,3/13/15,9,16,0:00:00,0:00:00,0:00:00,0:00:00,0:30:09,0,0,0,0,6,9,7,0.857142857,1.285714286
4I82/4/2015,4I8,2/4/15,2/19/15,6,16,0:00:00,0:00:00,0:00:00,0:00:00,0:30:12,0,0,0,0,1,11,7,0.142857143,1.571428571
4I82/9/2015,4I8,2/9/15,2/24/15,7,16,0:06:43,0:06:25,0:00:18,0:00:18,1:00:40,0.110714286,0.105769231,0.004945055,0.004945055,5,11,14,0.357142857,0.785714286
4I83/11/2015,4I8,3/11/15,3/26/15,11,16,0:02:43,0:01:12,0:01:31,0:02:43,0:30:11,0.090005522,0.03975704,0.050248482,0.090005522,7,11,7,1,1.571428571
4I83/13/2015,4I8,3/13/15,3/28/15,11,16,0:00:00,0:00:00,0:00:00,0:00:00,0:31:08,0,0,0,0,14,23,7,2,3.285714286
4I83/16/2015,4I8,3/16/15,3/31/15,12,16,0:00:00,0:00:00,0:00:00,0:00:00,0:31:10,0,0,0,0,0,3,5,0,0.6
4I83/17/2015,4I8,3/17/15,4/1/15,12,16,0:15:50,0:15:50,0:00:00,0:15:50,1:01:57,0.255582459,0.255582459,0,0.255582459,20,23,14,1.428571429,1.642857143
4I83/19/2015,4I8,3/19/15,4/3/15,12,16,0:00:00,0:00:00,0:00:00,0:00:00,0:30:57,0,0,0,0,18,22,7,2.571428571,3.142857143
4I83/2/2015,4I8,3/2/15,3/17/15,10,16,0:14:06,0:09:31,0:04:35,0:00:00,0:30:24,0.463815789,0.313048246,0.150767544,0,3,8,7,0.428571429,1.142857143
4I83/24/2015,4I8,3/24/15,4/8/15,13,16,0:00:00,0:00:00,0:00:00,0:00:00,0:52:01,0,0,0,0,13,19,12,1.083333333,1.583333333
4I83/26/2015,4I8,3/26/15,4/10/15,13,16,0:20:00,0:20:00,0:00:00,0:01:00,0:31:00,0.64516129,0.64516129,0,0.032258065,5,6,7,0.714285714,0.857142857
4I83/28/2015,4I8,3/28/15,4/12/15,13,16,0:11:00,0:11:00,0:00:00,0:06:00,0:31:00,0.35483871,0.35483871,0,0.193548387,17,26,7,2.428571429,3.714285714
4I83/3/2015,4I8,3/3/15,3/18/15,10,16,0:04:53,0:04:53,0:00:00,0:00:00,1:00:23,0.080872205,0.080872205,0,0,12,16,13,0.923076923,1.230769231
4I83/30/2015,4I8,3/30/15,4/14/15,14,16,0:16:02,0:16:02,0:00:00,0:00:00,0:30:08,0.532079646,0.532079646,0,0,1,7,7,0.142857143,1
4I83/31/2015,4I8,3/31/15,4/15/15,14,16,0:09:44,0:09:44,0:00:00,0:09:44,0:30:00,0.324444444,0.324444444,0,0.324444444,10,12,7,1.428571429,1.714285714
4I83/6/2015,4I8,3/6/15,3/21/15,10,16,0:00:00,0:00:00,0:00:00,0:00:00,0:31:00,0,0,0,0,7,9,7,1,1.285714286
4I83/9/2015,4I8,3/9/15,3/24/15,11,16,0:00:00,0:00:00,0:00:00,0:00:00,0:30:41,0,0,0,0,6,8,7,0.857142857,1.142857143
4I84/1/2015,4I8,4/1/15,4/16/15,14,16,0:00:00,0:00:00,0:00:00,0:00:00,0:30:46,0,0,0,0,12,22,7,1.714285714,3.142857143
4I84/10/2015,4I8,4/10/15,4/25/15,15,16,0:10:09,0:10:09,0:00:00,0:05:52,0:20:58,0.484101749,0.484101749,0,0.279809221,16,17,5,3.2,3.4
4I84/13/2015,4I8,4/13/15,4/28/15,16,16,0:03:00,0:03:00,0:00:00,0:03:00,0:31:00,0.096774194,0.096774194,0,0.096774194,24,33,7,3.428571429,4.714285714
4I84/16/2015,4I8,4/16/15,5/1/15,16,16,0:00:00,0:00:00,0:00:00,0:00:00,1:00:23,0,0,0,0,26,37,14,1.857142857,2.642857143
4I84/17/2015,4I8,4/17/15,5/2/15,16,16,0:02:30,0:02:30,0:00:00,0:02:30,0:30:12,0.082781457,0.082781457,0,0.082781457,12,13,7,1.714285714,1.857142857
4I84/2/2015,4I8,4/2/15,4/17/15,14,16,0:00:00,0:00:00,0:00:00,0:00:00,0:32:47,0,0,0,0,12,22,7,1.714285714,3.142857143
4I84/20/2015,4I8,4/20/15,5/5/15,17,16,0:03:08,0:00:38,0:02:30,0:00:21,1:00:56,0.051422319,0.010393873,0.041028446,0.005743982,18,29,14,1.285714286,2.071428571
4I84/22/2015,4I8,4/22/15,5/7/15,17,16,0:00:00,0:00:00,0:00:00,0:00:00,1:00:37,0,0,0,0,10,19,14,0.714285714,1.357142857
4I84/6/2015,4I8,4/6/15,4/21/15,15,16,0:00:00,0:00:00,0:00:00,0:00:00,0:30:00,0,0,0,0,3,4,7,0.428571429,0.571428571
4I84/7/2015,4I8,4/7/15,4/22/15,15,16,0:06:24,0:06:24,0:00:00,0:00:00,1:01:11,0.10460365,0.10460365,0,0,6,13,13,0.461538462,1
4I84/9/2015,4I8,4/9/15,4/24/15,15,16,0:03:18,0:03:18,0:00:00,0:01:04,0:31:22,0.105207226,0.105207226,0,0.034006376,23,25,7,3.285714286,3.571428571
5B21/19/2015,5B2,1/19/15,2/3/15,4,8,0:00:00,0:00:00,0:00:00,0:00:00,0:46:50,0,0,0,0,2,2,10,0.2,0.2
5B21/20/2015,5B2,1/20/15,2/4/15,4,8,0:04:00,0:04:00,0:00:00,0:04:00,0:30:00,0.133333333,0.133333333,0,0.133333333,28,34,7,4,4.857142857
5B21/23/2015,5B2,1/23/15,2/7/15,4,8,0:27:57,0:12:19,0:15:38,0:26:36,1:00:53,0.459074733,0.20229948,0.256775253,0.436901177,50,52,14,3.571428571,3.714285714
5B21/26/2015,5B2,1/26/15,2/10/15,5,8,0:00:00,0:00:00,0:00:00,0:00:00,1:01:33,0,0,0,0,13,14,14,0.928571429,1
5B21/28/2015,5B2,1/28/15,2/12/15,5,8,0:16:45,0:11:08,0:05:37,0:16:45,1:01:08,0.273991276,0.182115594,0.091875682,0.273991276,32,35,15,2.133333333,2.333333333
5B22/11/2015,5B2,2/11/15,2/26/15,7,8,0:00:00,0:00:00,0:00:00,0:00:00,0:30:15,0,0,0,0,12,15,6,2,2.5
5B22/16/2015,5B2,2/16/15,3/3/15,8,8,0:00:00,0:00:00,0:00:00,0:00:00,0:34:36,0,0,0,0,13,14,7,1.857142857,2
5B22/17/2015,5B2,2/17/15,3/4/15,8,8,0:00:00,0:00:00,0:00:00,0:00:00,0:30:27,0,0,0,0,8,12,8,1,1.5
5B22/18/2015,5B2,2/18/15,3/5/15,8,8,0:12:33,0:10:57,0:01:36,0:12:33,1:02:04,0.202201933,0.176423201,0.025778733,0.202201933,24,27,14,1.714285714,1.928571429
5B22/2/2015,5B2,2/2/15,2/17/15,6,8,0:04:10,0:04:10,0:00:00,0:04:10,0:35:43,0.116658889,0.116658889,0,0.116658889,27,32,6,4.5,5.333333333
5B22/23/2015,5B2,2/23/15,3/10/15,9,8,0:00:00,0:00:00,0:00:00,0:00:00,1:00:36,0,0,0,0,39,50,14,2.785714286,3.571428571
5B22/25/2015,5B2,2/25/15,3/12/15,9,8,0:00:00,0:00:00,0:00:00,0:00:00,0:59:07,0,0,0,0,27,30,14,1.928571429,2.142857143
5B22/5/2015,5B2,2/5/15,2/20/15,6,8,0:15:23,0:00:00,0:15:23,0:15:23,1:00:56,0.252461707,0,0.252461707,0.252461707,32,41,13,2.461538462,3.153846154
5B22/9/2015,5B2,2/9/15,2/24/15,7,8,0:05:14,0:05:12,0:00:02,0:00:00,0:19:01,0.275197195,0.273444347,0.001752848,0,8,10,4,2,2.5
5B23/10/2015,5B2,3/10/15,3/25/15,11,8,0:09:19,0:03:09,0:06:10,0:09:19,0:30:39,0.303969549,0.102773246,0.201196302,0.303969549,22,25,7,3.142857143,3.571428571
5B23/11/2015,5B2,3/11/15,3/26/15,11,8,0:02:24,0:02:24,0:00:00,0:02:24,0:30:16,0.079295154,0.079295154,0,0.079295154,14,17,7,2,2.428571429
5B23/16/2015,5B2,3/16/15,3/31/15,12,8,0:02:08,0:00:26,0:01:42,0:02:08,0:30:43,0.06945198,0.014107434,0.055344547,0.06945198,19,21,7,2.714285714,3
5B23/17/2015,5B2,3/17/15,4/1/15,12,8,0:14:37,0:02:27,0:12:10,0:14:37,0:30:09,0.484798231,0.081260365,0.403537866,0.484798231,8,12,7,1.142857143,1.714285714
5B23/18/2015,5B2,3/18/15,4/2/15,12,8,0:06:56,0:04:45,0:02:11,0:06:56,0:33:00,0.21010101,0.143939394,0.066161616,0.21010101,27,33,7,3.857142857,4.714285714
5B23/19/2015,5B2,3/19/15,4/3/15,12,8,0:02:54,0:00:25,0:02:29,0:02:54,0:30:02,0.096559378,0.013873474,0.082685905,0.096559378,6,6,7,0.857142857,0.857142857
5B23/2/2015,5B2,3/2/15,3/17/15,10,8,0:08:14,0:05:18,0:02:56,0:07:50,0:31:36,0.260548523,0.167721519,0.092827004,0.247890295,6,8,7,0.857142857,1.142857143
5B23/23/2015,5B2,3/23/15,4/7/15,13,8,0:11:25,0:01:32,0:09:53,0:11:25,0:33:23,0.341987019,0.045931103,0.296055916,0.341987019,30,34,7,4.285714286,4.857142857
5B23/25/2015,5B2,3/25/15,4/9/15,13,8,0:00:00,0:00:00,0:00:00,0:00:00,0:30:24,0,0,0,0,5,9,7,0.714285714,1.285714286
5B23/26/2015,5B2,3/26/15,4/10/15,13,8,0:00:00,0:00:00,0:00:00,0:00:00,0:30:00,0,0,0,0,55,73,7,7.857142857,10.42857143
5B23/3/2015,5B2,3/3/15,3/18/15,10,8,0:00:00,0:00:00,0:00:00,0:00:00,0:30:37,0,0,0,0,7,15,7,1,2.142857143
5B23/30/2015,5B2,3/30/15,4/14/15,14,8,0:00:00,0:00:00,0:00:00,0:00:00,0:20:13,0,0,0,0,1,2,4,0.25,0.5
5B23/31/2015,5B2,3/31/15,4/15/15,14,8,0:09:21,0:09:21,0:00:00,0:09:21,0:30:11,0.309773606,0.309773606,0,0.309773606,9,10,7,1.285714286,1.428571429
5B23/4/2015,5B2,3/4/15,3/19/15,10,8,0:00:00,0:00:00,0:00:00,0:00:00,1:00:07,0,0,0,0,16,22,14,1.142857143,1.571428571
5B23/5/2015,5B2,3/5/15,3/20/15,10,8,0:00:00,0:00:00,0:00:00,0:00:00,0:30:01,0,0,0,0,10,13,7,1.428571429,1.857142857
5B23/9/2015,5B2,3/9/15,3/24/15,11,8,0:00:00,0:00:00,0:00:00,0:00:00,0:30:39,0,0,0,0,4,10,7,0.571428571,1.428571429
5B24/1/2015,5B2,4/1/15,4/16/15,14,8,0:00:00,0:00:00,0:00:00,0:00:00,0:31:03,0,0,0,0,21,26,7,3,3.714285714
5B24/10/2015,5B2,4/10/15,4/25/15,15,8,0:05:57,0:00:01,0:05:56,0:05:57,0:30:43,0.193705914,0.000542594,0.193163321,0.193705914,17,24,7,2.428571429,3.428571429
5B24/15/2015,5B2,4/15/15,4/30/15,16,8,0:04:09,0:00:00,0:04:09,0:04:09,0:30:17,0.137039075,0,0.137039075,0.137039075,5,7,6,0.833333333,1.166666667
5B24/16/2015,5B2,4/16/15,5/1/15,16,8,0:18:08,0:00:00,0:18:08,0:18:08,1:36:11,0.188528851,0,0.188528851,0.188528851,83,112,20,4.15,5.6
5B24/2/2015,5B2,4/2/15,4/17/15,14,8,0:08:44,0:08:44,0:00:00,0:00:27,0:30:46,0.283856988,0.283856988,0,0.014626219,28,31,7,4,4.428571429
5B24/20/2015,5B2,4/20/15,5/5/15,17,8,0:00:00,0:00:00,0:00:00,0:00:00,0:30:00,0,0,0,0,38,50,7,5.428571429,7.142857143
5B24/22/2015,5B2,4/22/15,5/7/15,17,8,0:00:00,0:00:00,0:00:00,0:00:00,1:00:58,0,0,0,0,40,46,14,2.857142857,3.285714286
5B24/23/2015,5B2,4/23/15,5/8/15,17,8,0:03:32,0:03:32,0:00:00,0:00:00,0:30:08,0.117256637,0.117256637,0,0,5,5,7,0.714285714,0.714285714
5B24/7/2015,5B2,4/7/15,4/22/15,15,8,0:00:00,0:00:00,0:00:00,0:00:00,0:32:38,0,0,0,0,51,63,7,7.285714286,9
5B24/8/2015,5B2,4/8/15,4/23/15,15,8,0:06:58,0:00:00,0:06:58,0:06:58,0:30:09,0.231066888,0,0.231066888,0.231066888,8,10,7,1.142857143,1.428571429
5B24/9/2015,5B2,4/9/15,4/24/15,15,8,0:04:37,0:00:00,0:04:37,0:00:28,0:30:10,0.153038674,0,0.153038674,0.015469613,7,13,7,1,1.857142857
5G21/15/2015,5G2,1/15/15,1/30/15,3,31,0:15:34,0:10:10,0:05:24,0:00:00,0:45:14,0.344141489,0.224760501,0.119380987,0,0,9,10,0,0.9
5G21/16/2015,5G2,1/16/15,1/31/15,3,31,0:00:00,0:00:00,0:00:00,0:00:00,0:45:34,0,0,0,0,0,3,10,0,0.3
5G21/21/2015,5G2,1/21/15,2/5/15,4,31,0:03:58,0:03:58,0:00:00,0:00:00,0:30:07,0.131710017,0.131710017,0,0,0,4,7,0,0.571428571
5G21/26/2015,5G2,1/26/15,2/10/15,5,31,0:03:42,0:03:42,0:00:00,0:00:00,0:30:24,0.121710526,0.121710526,0,0,0,0,7,0,0
5G21/28/2015,5G2,1/28/15,2/12/15,5,31,0:00:00,0:00:00,0:00:00,0:00:00,1:01:28,0,0,0,0,0,8,13,0,0.615384615
5G21/29/2015,5G2,1/29/15,2/13/15,5,31,0:00:00,0:00:00,0:00:00,0:00:00,0:30:30,0,0,0,0,1,7,7,0.142857143,1
5G21/30/2015,5G2,1/30/15,2/14/15,5,31,0:05:24,0:00:00,0:05:24,0:00:00,0:30:01,0.179900056,0,0.179900056,0,0,12,7,0,1.714285714
5G22/17/2015,5G2,2/17/15,3/4/15,8,31,0:00:00,0:00:00,0:00:00,0:00:00,0:34:43,0,0,0,0,1,2,6,0.166666667,0.333333333
5G22/18/2015,5G2,2/18/15,3/5/15,8,31,0:00:17,0:00:00,0:00:17,0:00:17,1:00:15,0.004702628,0,0.004702628,0.004702628,11,18,14,0.785714286,1.285714286
5G22/19/2015,5G2,2/19/15,3/6/15,8,31,0:00:00,0:00:00,0:00:00,0:00:00,0:27:45,0,0,0,0,1,1,6,0.166666667,0.166666667
5G22/23/2015,5G2,2/23/15,3/10/15,9,31,0:17:55,0:06:09,0:11:46,0:00:00,0:30:16,0.591960352,0.203193833,0.38876652,0,0,8,7,0,1.142857143
5G22/25/2015,5G2,2/25/15,3/12/15,9,31,0:00:00,0:00:00,0:00:00,0:00:00,0:30:00,0,0,0,0,4,8,7,0.571428571,1.142857143
5G22/26/2015,5G2,2/26/15,3/13/15,9,31,0:00:00,0:00:00,0:00:00,0:00:00,1:00:10,0,0,0,0,5,10,12,0.416666667,0.833333333
5G22/3/2015,5G2,2/3/15,2/18/15,6,31,0:10:56,0:10:27,0:00:29,0:00:00,0:30:28,0.358862144,0.342997812,0.015864333,0,0,1,7,0,0.142857143
5G22/6/2015,5G2,2/6/15,2/21/15,6,31,0:01:05,0:01:05,0:00:00,0:00:00,0:30:21,0.035694673,0.035694673,0,0,1,5,7,0.142857143,0.714285714
5G22/9/2015,5G2,2/9/15,2/24/15,7,31,0:00:00,0:00:00,0:00:00,0:00:00,0:30:44,0,0,0,0,2,5,7,0.285714286,0.714285714
5G23/11/2015,5G2,3/11/15,3/26/15,11,31,0:00:00,0:00:00,0:00:00,0:00:00,0:30:30,0,0,0,0,4,6,7,0.571428571,0.857142857
5G23/12/2015,5G2,3/12/15,3/27/15,11,31,0:00:00,0:00:00,0:00:00,0:00:00,0:30:15,0,0,0,0,2,7,7,0.285714286,1
5G23/13/2015,5G2,3/13/15,3/28/15,11,31,0:03:55,0:00:00,0:03:55,0:00:00,0:30:06,0.130121816,0,0.130121816,0,0,1,7,0,0.142857143
5G23/18/2015,5G2,3/18/15,4/2/15,12,31,0:00:11,0:00:00,0:00:11,0:00:00,1:30:55,0.002016499,0,0.002016499,0,9,25,21,0.428571429,1.19047619
5G23/19/2015,5G2,3/19/15,4/3/15,12,31,0:00:00,0:00:00,0:00:00,0:00:00,0:30:00,0,0,0,0,2,3,7,0.285714286,0.428571429
5G23/2/2015,5G2,3/2/15,3/17/15,10,31,0:04:04,0:00:00,0:04:04,0:00:00,1:00:15,0.067496542,0,0.067496542,0,5,13,14,0.357142857,0.928571429
5G23/24/2015,5G2,3/24/15,4/8/15,13,31,0:00:00,0:00:00,0:00:00,0:00:00,0:30:49,0,0,0,0,13,19,7,1.857142857,2.714285714
5G23/25/2015,5G2,3/25/15,4/9/15,13,31,0:01:44,0:01:44,0:00:00,0:00:00,0:30:08,0.057522124,0.057522124,0,0,1,2,7,0.142857143,0.285714286
5G23/27/2015,5G2,3/27/15,4/11/15,13,31,0:19:00,0:05:00,0:14:00,0:00:00,0:30:00,0.633333333,0.166666667,0.466666667,0,5,10,7,0.714285714,1.428571429
5G23/3/2015,5G2,3/3/15,3/18/15,10,31,0:00:09,0:00:09,0:00:00,0:00:00,0:30:18,0.004950495,0.004950495,0,0,2,6,7,0.285714286,0.857142857
5G23/31/2015,5G2,3/31/15,4/15/15,14,31,0:00:00,0:00:00,0:00:00,0:00:00,0:34:23,0,0,0,0,1,3,7,0.142857143,0.428571429
5G23/5/2015,5G2,3/5/15,3/20/15,10,31,0:21:00,0:20:00,0:01:00,0:00:00,0:31:00,0.677419355,0.64516129,0.032258065,0,0,1,7,0,0.142857143
5G23/9/2015,5G2,3/9/15,3/24/15,11,31,0:13:36,0:02:23,0:11:13,0:00:00,0:31:49,0.427448926,0.074908329,0.352540597,0,4,10,7,0.571428571,1.428571429
5G24/10/2015,5G2,4/10/15,4/25/15,15,31,0:02:48,0:00:00,0:02:48,0:00:00,1:00:23,0.046370411,0,0.046370411,0,1,5,14,0.071428571,0.357142857
5G24/13/2015,5G2,4/13/15,4/28/15,16,31,0:11:00,0:09:00,0:02:00,0:00:00,0:32:00,0.34375,0.28125,0.0625,0,0,3,7,0,0.428571429
5G24/14/2015,5G2,4/14/15,4/29/15,16,31,0:00:00,0:00:00,0:00:00,0:00:00,0:31:00,0,0,0,0,3,4,7,0.428571429,0.571428571
5G24/15/2015,5G2,4/15/15,4/30/15,16,31,0:03:28,0:03:28,0:00:00,0:00:00,0:30:03,0.115363283,0.115363283,0,0,0,0,7,0,0
5G24/16/2015,5G2,4/16/15,5/1/15,16,31,0:00:00,0:00:00,0:00:00,0:00:00,0:30:01,0,0,0,0,2,2,7,0.285714286,0.285714286
5G24/2/2015,5G2,4/2/15,4/17/15,14,31,0:00:00,0:00:00,0:00:00,0:00:00,0:31:08,0,0,0,0,9,28,7,1.285714286,4
5G24/20/2015,5G2,4/20/15,5/5/15,17,31,0:02:48,0:00:03,0:02:45,0:00:00,0:30:33,0.091653028,0.001636661,0.090016367,0,0,4,7,0,0.571428571
5G24/22/2015,5G2,4/22/15,5/7/15,17,31,0:00:00,0:00:00,0:00:00,0:00:00,0:30:05,0,0,0,0,0,0,7,0,0
5G24/23/2015,5G2,4/23/15,5/8/15,17,31,0:00:00,0:00:00,0:00:00,0:00:00,0:30:05,0,0,0,0,1,1,7,0.142857143,0.142857143
5G24/25/2015,5G2,4/25/15,5/10/15,17,31,0:00:00,0:00:00,0:00:00,0:00:00,0:30:33,0,0,0,0,11,17,7,1.571428571,2.428571429
5G24/6/2015,5G2,4/6/15,4/21/15,15,31,0:00:00,0:00:00,0:00:00,0:00:00,0:30:24,0,0,0,0,10,17,7,1.428571429,2.428571429
5G24/7/2015,5G2,4/7/15,4/22/15,15,31,0:08:59,0:00:00,0:08:59,0:00:00,0:30:03,0.298946201,0,0.298946201,0,0,2,7,0,0.285714286
5G24/9/2015,5G2,4/9/15,4/24/15,15,31,0:00:00,0:00:00,0:00:00,0:00:00,0:16:01,0,0,0,0,3,6,4,0.75,1.5
6H21/14/2015,6H2,1/14/15,1/29/15,3,17,0:02:56,0:02:56,0:00:00,0:00:00,0:44:50,0.065427509,0.065427509,0,0,0,10,9,0,1.111111111
6H21/19/2015,6H2,1/19/15,2/3/15,4,17,0:00:00,0:00:00,0:00:00,0:00:00,0:29:58,0,0,0,0,7,11,6,1.166666667,1.833333333
6H21/26/2015,6H2,1/26/15,2/10/15,5,17,0:05:25,0:05:25,0:00:00,0:05:25,1:00:37,0.089359362,0.089359362,0,0.089359362,12,22,14,0.857142857,1.571428571
6H21/28/2015,6H2,1/28/15,2/12/15,5,17,0:00:08,0:00:08,0:00:00,0:00:00,0:29:55,0.004456825,0.004456825,0,0,11,13,7,1.571428571,1.857142857
6H21/29/2015,6H2,1/29/15,2/13/15,5,17,0:00:00,0:00:00,0:00:00,0:00:00,0:30:10,0,0,0,0,21,21,5,4.2,4.2
6H22/16/2015,6H2,2/16/15,3/3/15,8,17,0:00:00,0:00:00,0:00:00,0:00:00,0:31:29,0,0,0,0,10,11,6,1.666666667,1.833333333
6H22/17/2015,6H2,2/17/15,3/4/15,8,17,0:05:39,0:05:39,0:00:00,0:05:39,0:59:39,0.094719195,0.094719195,0,0.094719195,10,10,13,0.769230769,0.769230769
6H22/20/2015,6H2,2/20/15,3/7/15,8,17,0:12:04,0:12:04,0:00:00,0:00:00,0:30:18,0.398239824,0.398239824,0,0,3,4,7,0.428571429,0.571428571
6H22/24/2015,6H2,2/24/15,3/11/15,9,17,0:16:11,0:16:11,0:00:00,0:14:05,1:05:29,0.247136676,0.247136676,0,0.215067447,14,14,13,1.076923077,1.076923077
6H22/25/2015,6H2,2/25/15,3/12/15,9,17,0:00:00,0:00:00,0:00:00,0:00:00,0:30:00,0,0,0,0,10,12,7,1.428571429,1.714285714
6H22/26/2015,6H2,2/26/15,3/13/15,9,17,0:09:00,0:09:00,0:00:00,0:00:00,0:30:00,0.3,0.3,0,0,4,4,7,0.571428571,0.571428571
6H22/3/2015,6H2,2/3/15,2/18/15,6,17,0:00:00,0:00:00,0:00:00,0:00:00,0:30:34,0,0,0,0,4,5,7,0.571428571,0.714285714
6H22/9/2015,6H2,2/9/15,2/24/15,7,17,0:00:44,0:00:44,0:00:00,0:00:00,1:00:35,0.012104539,0.012104539,0,0,25,39,14,1.785714286,2.785714286
6H23/11/2015,6H2,3/11/15,3/26/15,11,17,0:27:00,0:09:55,0:17:05,0:00:00,0:59:19,0.45518404,0.167181793,0.288002248,0,13,18,13,1,1.384615385
6H23/16/2015,6H2,3/16/15,3/31/15,12,17,0:29:21,0:27:22,0:01:59,0:28:34,1:00:26,0.485659129,0.452840596,0.032818533,0.472697187,25,29,14,1.785714286,2.071428571
6H23/17/2015,6H2,3/17/15,4/1/15,12,17,0:00:00,0:00:00,0:00:00,0:00:00,0:31:04,0,0,0,0,21,27,7,3,3.857142857
6H23/18/2015,6H2,3/18/15,4/2/15,12,17,0:00:00,0:00:00,0:00:00,0:00:00,0:25:51,0,0,0,0,2,6,5,0.4,1.2
6H23/23/2015,6H2,3/23/15,4/7/15,13,17,0:00:00,0:00:00,0:00:00,0:00:00,0:30:11,0,0,0,0,7,12,6,1.166666667,2
6H23/24/2015,6H2,3/24/15,4/8/15,13,17,0:06:27,0:06:27,0:00:00,0:06:27,0:33:44,0.191205534,0.191205534,0,0.191205534,15,16,7,2.142857143,2.285714286
6H23/25/2015,6H2,3/25/15,4/9/15,13,17,0:00:00,0:00:00,0:00:00,0:00:00,0:21:25,0,0,0,0,4,4,5,0.8,0.8
6H23/26/2015,6H2,3/26/15,4/10/15,13,17,0:00:00,0:00:00,0:00:00,0:00:00,0:26:00,0,0,0,0,6,9,5,1.2,1.8
6H23/27/2015,6H2,3/27/15,4/11/15,13,17,0:00:00,0:00:00,0:00:00,0:00:00,0:31:00,0,0,0,0,8,14,7,1.142857143,2
6H23/30/2015,6H2,3/30/15,4/14/15,14,17,0:08:48,0:08:48,0:00:00,0:00:00,0:30:15,0.290909091,0.290909091,0,0,1,7,7,0.142857143,1
6H23/4/2015,6H2,3/4/15,3/19/15,10,17,0:09:11,0:09:11,0:00:00,0:09:11,0:55:04,0.166767554,0.166767554,0,0.166767554,12,20,12,1,1.666666667
6H23/6/2015,6H2,3/6/15,3/21/15,10,17,0:00:00,0:00:00,0:00:00,0:00:00,1:02:06,0,0,0,0,32,39,14,2.285714286,2.785714286
6H23/9/2015,6H2,3/9/15,3/24/15,11,17,0:00:20,0:00:20,0:00:00,0:00:00,1:01:07,0.00545405,0.00545405,0,0,22,29,14,1.571428571,2.071428571
6H24/1/2015,6H2,4/1/15,4/16/15,14,17,0:05:43,0:05:43,0:00:00,0:00:00,0:32:12,0.177536232,0.177536232,0,0,9,12,7,1.285714286,1.714285714
6H24/14/2015,6H2,4/14/15,4/29/15,16,17,0:04:00,0:04:00,0:00:00,0:00:00,0:31:00,0.129032258,0.129032258,0,0,20,25,7,2.857142857,3.571428571
6H24/15/2015,6H2,4/15/15,4/30/15,16,17,0:14:04,0:14:04,0:00:00,0:00:00,1:31:16,0.1541271,0.1541271,0,0,51,62,19,2.684210526,3.263157895
6H24/2/2015,6H2,4/2/15,4/17/15,14,17,0:00:00,0:00:00,0:00:00,0:00:00,0:30:01,0,0,0,0,10,15,7,1.428571429,2.142857143
6H24/20/2015,6H2,4/20/15,5/5/15,17,17,0:15:04,0:15:04,0:00:00,0:00:00,1:00:42,0.248215266,0.248215266,0,0,9,13,13,0.692307692,1
6H24/21/2015,6H2,4/21/15,5/6/15,17,17,0:00:00,0:00:00,0:00:00,0:00:00,0:30:26,0,0,0,0,1,2,7,0.142857143,0.285714286
6H24/22/2015,6H2,4/22/15,5/7/15,17,17,0:14:29,0:10:52,0:03:37,0:14:29,0:30:02,0.482241953,0.3618202,0.120421754,0.482241953,5,5,6,0.833333333,0.833333333
6H24/6/2015,6H2,4/6/15,4/21/15,15,17,0:11:51,0:11:51,0:00:00,0:00:00,1:30:56,0.130315249,0.130315249,0,0,28,44,20,1.4,2.2
6H24/7/2015,6H2,4/7/15,4/22/15,15,17,0:00:00,0:00:00,0:00:00,0:00:00,0:30:30,0,0,0,0,5,21,7,0.714285714,3
6I11/21/2015,6I1,1/21/15,2/5/15,4,19,0:08:54,0:03:17,0:05:37,0:00:05,1:02:34,0.142248269,0.052477357,0.089770911,0.001331913,9,18,14,0.642857143,1.285714286
6I11/22/2015,6I1,1/22/15,2/6/15,4,19,0:00:00,0:00:00,0:00:00,0:00:00,0:30:23,0,0,0,0,11,13,5,2.2,2.6
6I11/26/2015,6I1,1/26/15,2/10/15,5,19,0:08:33,0:02:55,0:05:38,0:02:55,1:02:37,0.136545116,0.046579718,0.089965398,0.046579718,8,21,14,0.571428571,1.5
6I11/29/2015,6I1,1/29/15,2/13/15,5,19,0:01:21,0:00:00,0:01:21,0:00:00,0:30:47,0.0438549,0,0.0438549,0,8,8,7,1.142857143,1.142857143
6I11/30/2015,6I1,1/30/15,2/14/15,5,19,0:00:00,0:00:00,0:00:00,0:00:00,0:30:46,0,0,0,0,22,26,7,3.142857143,3.714285714
6I12/18/2015,6I1,2/18/15,3/5/15,8,19,0:16:15,0:16:15,0:00:00,0:00:00,0:30:27,0.533661741,0.533661741,0,0,1,4,7,0.142857143,0.571428571
6I12/19/2015,6I1,2/19/15,3/6/15,8,19,0:00:00,0:00:00,0:00:00,0:00:00,0:30:03,0,0,0,0,2,5,7,0.285714286,0.714285714
6I12/20/2015,6I1,2/20/15,3/7/15,8,19,0:00:00,0:00:00,0:00:00,0:00:00,1:01:40,0,0,0,0,5,8,15,0.333333333,0.533333333
6I12/23/2015,6I1,2/23/15,3/10/15,9,19,0:08:22,0:03:00,0:05:22,0:01:48,1:00:43,0.137798518,0.049409827,0.088388691,0.029645896,18,22,13,1.384615385,1.692307692
6I12/25/2015,6I1,2/25/15,3/12/15,9,19,0:01:18,0:00:42,0:00:36,0:00:15,0:30:15,0.042975207,0.023140496,0.019834711,0.008264463,5,10,7,0.714285714,1.428571429
6I12/27/2015,6I1,2/27/15,3/14/15,9,19,0:00:00,0:00:00,0:00:00,0:00:00,0:31:00,0,0,0,0,47,53,7,6.714285714,7.571428571
6I12/3/2015,6I1,2/3/15,2/18/15,6,19,0:00:00,0:00:00,0:00:00,0:00:00,0:31:12,0,0,0,0,6,12,6,1,2
6I12/4/2015,6I1,2/4/15,2/19/15,6,19,0:06:11,0:00:00,0:06:11,0:00:00,0:30:41,0.201520913,0,0.201520913,0,1,8,7,0.142857143,1.142857143
6I12/9/2015,6I1,2/9/15,2/24/15,7,19,0:03:33,0:01:02,0:02:31,0:00:00,1:03:37,0.055802987,0.016243123,0.039559864,0,16,22,13,1.230769231,1.692307692
6I13/11/2015,6I1,3/11/15,3/26/15,11,19,0:00:00,0:00:00,0:00:00,0:00:00,1:05:48,0,0,0,0,48,66,14,3.428571429,4.714285714
6I13/16/2015,6I1,3/16/15,3/31/15,12,19,0:10:35,0:08:40,0:01:55,0:00:00,1:00:24,0.175220751,0.143487859,0.031732892,0,9,10,14,0.642857143,0.714285714
6I13/18/2015,6I1,3/18/15,4/2/15,12,19,0:02:55,0:00:00,0:02:55,0:02:55,0:31:51,0.091575092,0,0.091575092,0.091575092,25,28,7,3.571428571,4
6I13/19/2015,6I1,3/19/15,4/3/15,12,19,0:00:00,0:00:00,0:00:00,0:00:00,0:30:02,0,0,0,0,6,7,5,1.2,1.4
6I13/2/2015,6I1,3/2/15,3/17/15,10,19,0:21:08,0:19:58,0:01:10,0:21:08,1:00:29,0.34940755,0.33011849,0.01928906,0.34940755,18,20,14,1.285714286,1.428571429
6I13/23/2015,6I1,3/23/15,4/7/15,13,19,0:16:00,0:11:09,0:04:51,0:05:30,1:01:16,0.261153428,0.181991295,0.079162133,0.089771491,18,28,14,1.285714286,2
6I13/26/2015,6I1,3/26/15,4/10/15,13,19,0:00:00,0:00:00,0:00:00,0:00:00,0:30:00,0,0,0,0,19,27,7,2.714285714,3.857142857
6I13/3/2015,6I1,3/3/15,3/18/15,10,19,0:00:00,0:00:00,0:00:00,0:00:00,0:30:06,0,0,0,0,32,41,6,5.333333333,6.833333333
6I13/30/2015,6I1,3/30/15,4/14/15,14,19,0:00:00,0:00:00,0:00:00,0:00:00,0:30:10,0,0,0,0,13,16,7,1.857142857,2.285714286
6I13/5/2015,6I1,3/5/15,3/20/15,10,19,0:00:00,0:00:00,0:00:00,0:00:00,0:30:00,0,0,0,0,7,12,7,1,1.714285714
6I13/9/2015,6I1,3/9/15,3/24/15,11,19,0:13:46,0:13:46,0:00:00,0:09:16,1:00:49,0.226363387,0.226363387,0,0.152370512,21,25,14,1.5,1.785714286
6I14/1/2015,6I1,4/1/15,4/16/15,14,19,0:25:13,0:24:36,0:00:37,0:00:00,0:30:03,0.839156961,0.818635607,0.020521353,0,0,0,7,0,0
6I14/10/2015,6I1,4/10/15,4/25/15,15,19,0:00:00,0:00:00,0:00:00,0:00:00,0:30:24,0,0,0,0,16,29,7,2.285714286,4.142857143
6I14/13/2015,6I1,4/13/15,4/28/15,16,19,0:11:02,0:07:19,0:03:43,0:09:31,1:01:08,0.180479826,0.119683751,0.060796074,0.155670665,25,31,14,1.785714286,2.214285714
6I14/16/2015,6I1,4/16/15,5/1/15,16,19,0:01:00,0:01:00,0:00:00,0:01:00,0:58:02,0.017231476,0.017231476,0,0.017231476,6,17,12,0.5,1.416666667
6I14/2/2015,6I1,4/2/15,4/17/15,14,19,0:05:43,0:03:41,0:02:02,0:00:00,0:30:21,0.188358045,0.121361889,0.066996156,0,4,8,7,0.571428571,1.142857143
6I14/20/2015,6I1,4/20/15,5/5/15,17,19,0:03:30,0:01:43,0:01:47,0:00:00,0:30:14,0.115766262,0.056780595,0.058985667,0,9,14,7,1.285714286,2
6I14/22/2015,6I1,4/22/15,5/7/15,17,19,0:00:00,0:00:00,0:00:00,0:00:00,1:01:34,0,0,0,0,22,33,14,1.571428571,2.357142857
6I14/25/2015,6I1,4/25/15,5/10/15,17,19,0:08:36,0:04:27,0:04:09,0:02:35,0:30:06,0.285714286,0.147840532,0.137873754,0.085825028,9,14,7,1.285714286,2
6I14/6/2015,6I1,4/6/15,4/21/15,15,19,0:19:40,0:05:57,0:13:43,0:00:41,1:00:44,0.323819978,0.097969265,0.225850714,0.011251372,16,22,12,1.333333333,1.833333333
6I14/8/2015,6I1,4/8/15,4/23/15,15,19,0:00:00,0:00:00,0:00:00,0:00:00,0:30:13,0,0,0,0,2,3,7,0.285714286,0.428571429
6I22/11/2015,6I2,2/11/15,2/26/15,7,33,0:00:00,0:00:00,0:00:00,0:00:00,0:25:20,0,0,0,0,4,6,6,0.666666667,1
6I22/18/2015,6I2,2/18/15,3/5/15,8,33,0:04:49,0:03:18,0:01:31,0:00:00,0:30:42,0.15689468,0.107491857,0.049402823,0,0,1,7,0,0.142857143
6I22/19/2015,6I2,2/19/15,3/6/15,8,33,0:00:00,0:00:00,0:00:00,0:00:00,0:31:35,0,0,0,0,24,29,7,3.428571429,4.142857143
6I22/24/2015,6I2,2/24/15,3/11/15,9,33,0:04:55,0:00:00,0:04:55,0:00:00,0:34:40,0.141826923,0,0.141826923,0,0,2,7,0,0.285714286
6I22/25/2015,6I2,2/25/15,3/12/15,9,33,0:00:13,0:00:00,0:00:13,0:00:00,0:30:59,0.006993007,0,0.006993007,0,0,5,7,0,0.714285714
6I22/26/2015,6I2,2/26/15,3/13/15,9,33,0:00:00,0:00:00,0:00:00,0:00:00,0:17:16,0,0,0,0,2,3,4,0.5,0.75
6I23/12/2015,6I2,3/12/15,3/27/15,11,33,0:03:18,0:02:35,0:00:43,0:02:35,0:30:28,0.108315098,0.084792123,0.023522976,0.084792123,22,40,7,3.142857143,5.714285714
6I23/13/2015,6I2,3/13/15,3/28/15,11,33,0:07:40,0:00:00,0:07:40,0:00:00,0:30:06,0.254706534,0,0.254706534,0,10,12,7,1.428571429,1.714285714
6I23/16/2015,6I2,3/16/15,3/31/15,12,33,0:00:00,0:00:00,0:00:00,0:00:00,0:30:20,0,0,0,0,9,11,7,1.285714286,1.571428571
6I23/18/2015,6I2,3/18/15,4/2/15,12,33,0:10:56,0:05:57,0:04:59,0:00:00,0:30:36,0.357298475,0.194444444,0.162854031,0,2,7,7,0.285714286,1
6I23/20/2015,6I2,3/20/15,4/4/15,12,33,0:05:53,0:01:03,0:04:50,0:00:00,1:01:14,0.096080566,0.017147523,0.078933043,0,22,27,13,1.692307692,2.076923077
6I23/23/2015,6I2,3/23/15,4/7/15,13,33,0:00:00,0:00:00,0:00:00,0:00:00,1:01:01,0,0,0,0,64,75,13,4.923076923,5.769230769
6I23/24/2015,6I2,3/24/15,4/8/15,13,33,0:04:46,0:04:46,0:00:00,0:00:00,0:32:50,0.145177665,0.145177665,0,0,28,41,7,4,5.857142857
6I23/25/2015,6I2,3/25/15,4/9/15,13,33,0:00:00,0:00:00,0:00:00,0:00:00,0:30:03,0,0,0,0,19,26,7,2.714285714,3.714285714
6I23/28/2015,6I2,3/28/15,4/12/15,13,33,0:06:00,0:04:00,0:02:00,0:00:00,0:31:00,0.193548387,0.129032258,0.064516129,0,27,28,7,3.857142857,4
6I23/3/2015,6I2,3/3/15,3/18/15,10,33,0:07:26,0:07:26,0:00:00,0:00:00,0:31:51,0.233385662,0.233385662,0,0,7,8,6,1.166666667,1.333333333
6I23/31/2015,6I2,3/31/15,4/15/15,14,33,0:02:40,0:02:40,0:00:00,0:02:40,0:30:06,0.088593577,0.088593577,0,0.088593577,12,16,8,1.5,2
6I23/4/2015,6I2,3/4/15,3/19/15,10,33,0:06:42,0:00:11,0:06:31,0:00:00,0:22:45,0.294505495,0.008058608,0.286446886,0,0,4,5,0,0.8
6I23/5/2015,6I2,3/5/15,3/20/15,10,33,0:04:00,0:03:00,0:01:00,0:00:00,0:28:00,0.142857143,0.107142857,0.035714286,0,0,1,6,0,0.166666667
6I23/9/2015,6I2,3/9/15,3/24/15,11,33,0:05:15,0:05:15,0:00:00,0:05:15,0:31:03,0.169082126,0.169082126,0,0.169082126,11,15,7,1.571428571,2.142857143
6I24/13/2015,6I2,4/13/15,4/28/15,16,33,0:00:00,0:00:00,0:00:00,0:00:00,0:31:00,0,0,0,0,0,3,7,0,0.428571429
6I24/14/2015,6I2,4/14/15,4/29/15,16,33,0:00:13,0:00:00,0:00:13,0:00:00,0:30:03,0.007210205,0,0.007210205,0,0,0,7,0,0
6I24/15/2015,6I2,4/15/15,4/30/15,16,33,0:00:00,0:00:00,0:00:00,0:00:00,0:30:00,0,0,0,0,13,19,7,1.857142857,2.714285714
6I24/16/2015,6I2,4/16/15,5/1/15,16,33,0:00:00,0:00:00,0:00:00,0:00:00,0:30:06,0,0,0,0,0,2,7,0,0.285714286
6I24/2/2015,6I2,4/2/15,4/17/15,14,33,0:00:00,0:00:00,0:00:00,0:00:00,0:31:36,0,0,0,0,26,33,6,4.333333333,5.5
6I24/20/2015,6I2,4/20/15,5/5/15,17,33,0:00:00,0:00:00,0:00:00,0:00:00,0:30:28,0,0,0,0,5,10,7,0.714285714,1.428571429
6I24/22/2015,6I2,4/22/15,5/7/15,17,33,0:01:14,0:00:25,0:00:49,0:00:00,0:30:10,0.040883978,0.013812155,0.027071823,0,6,11,7,0.857142857,1.571428571
6I24/23/2015,6I2,4/23/15,5/8/15,17,33,0:11:59,0:01:22,0:10:37,0:00:00,1:00:26,0.198290127,0.022614451,0.175675676,0,2,9,14,0.142857143,0.642857143
6I24/3/2015,6I2,4/3/15,4/18/15,14,33,0:19:43,0:07:57,0:11:46,0:00:00,1:01:01,0.323135755,0.13029227,0.192843485,0,19,37,14,1.357142857,2.642857143
6I24/7/2015,6I2,4/7/15,4/22/15,15,33,0:13:05,0:11:55,0:01:10,0:00:00,1:01:56,0.211248654,0.192411195,0.01883746,0,45,53,14,3.214285714,3.785714286
6I24/8/2015,6I2,4/8/15,4/23/15,15,33,0:00:00,0:00:00,0:00:00,0:00:00,0:50:01,0,0,0,0,17,25,9,1.888888889,2.777777778
6I24/9/2015,6I2,4/9/15,4/24/15,15,33,0:08:25,0:08:10,0:00:15,0:08:22,0:30:25,0.276712329,0.268493151,0.008219178,0.275068493,34,41,7,4.857142857,5.857142857
8B52/10/2015,8B5,2/10/15,2/25/15,7,22,0:05:30,0:03:52,0:01:38,0:05:30,0:30:28,0.180525164,0.126914661,0.053610503,0.180525164,6,12,7,0.857142857,1.714285714
8B52/17/2015,8B5,2/17/15,3/4/15,8,22,0:00:00,0:00:00,0:00:00,0:00:00,0:30:14,0,0,0,0,3,4,7,0.428571429,0.571428571
8B52/19/2015,8B5,2/19/15,3/6/15,8,22,0:02:00,0:02:00,0:00:00,0:02:00,0:58:04,0.034443169,0.034443169,0,0.034443169,6,12,13,0.461538462,0.923076923
8B52/2/2015,8B5,2/2/15,2/17/15,6,22,0:00:15,0:00:15,0:00:00,0:00:00,0:48:39,0.005138746,0.005138746,0,0,4,6,11,0.363636364,0.545454545
8B52/20/2015,8B5,2/20/15,3/7/15,8,22,0:00:00,0:00:00,0:00:00,0:00:00,0:29:47,0,0,0,0,5,8,7,0.714285714,1.142857143
8B52/23/2015,8B5,2/23/15,3/10/15,9,22,0:20:54,0:20:54,0:00:00,0:20:54,0:33:14,0.62888666,0.62888666,0,0.62888666,7,10,7,1,1.428571429
8B52/24/2015,8B5,2/24/15,3/11/15,9,22,0:00:21,0:00:21,0:00:00,0:00:20,0:30:16,0.011563877,0.011563877,0,0.011013216,3,5,6,0.5,0.833333333
8B52/27/2015,8B5,2/27/15,3/14/15,9,22,0:01:03,0:01:03,0:00:00,0:01:03,1:30:10,0.011645102,0.011645102,0,0.011645102,17,26,21,0.80952381,1.238095238
8B52/5/2015,8B5,2/5/15,2/20/15,6,22,0:00:00,0:00:00,0:00:00,0:00:00,0:29:56,0,0,0,0,4,5,5,0.8,1
8B52/9/2015,8B5,2/9/15,2/24/15,7,22,0:03:54,0:03:54,0:00:00,0:00:00,0:30:39,0.127243067,0.127243067,0,0,0,1,7,0,0.142857143
8B53/10/2015,8B5,3/10/15,3/25/15,11,22,0:00:00,0:00:00,0:00:00,0:00:00,0:30:37,0,0,0,0,8,10,7,1.142857143,1.428571429
8B53/11/2015,8B5,3/11/15,3/26/15,11,22,0:10:12,0:10:12,0:00:00,0:10:12,0:30:33,0.333878887,0.333878887,0,0.333878887,17,22,7,2.428571429,3.142857143
8B53/12/2015,8B5,3/12/15,3/27/15,11,22,0:00:00,0:00:00,0:00:00,0:00:00,0:30:05,0,0,0,0,2,2,7,0.285714286,0.285714286
8B53/17/2015,8B5,3/17/15,4/1/15,12,22,0:00:00,0:00:00,0:00:00,0:00:00,1:00:45,0,0,0,0,22,32,14,1.571428571,2.285714286
8B53/18/2015,8B5,3/18/15,4/2/15,12,22,0:02:41,0:02:06,0:00:35,0:02:41,0:31:03,0.086419753,0.06763285,0.018786903,0.086419753,16,22,7,2.285714286,3.142857143
8B53/19/2015,8B5,3/19/15,4/3/15,12,22,0:02:32,0:01:13,0:01:19,0:02:32,0:30:03,0.084303938,0.040488075,0.043815862,0.084303938,7,9,7,1,1.285714286
8B53/2/2015,8B5,3/2/15,3/17/15,10,22,0:02:38,0:02:38,0:00:00,0:02:38,0:30:30,0.086338798,0.086338798,0,0.086338798,5,8,6,0.833333333,1.333333333
8B53/23/2015,8B5,3/23/15,4/7/15,13,22,0:00:00,0:00:00,0:00:00,0:00:00,0:30:38,0,0,0,0,10,14,7,1.428571429,2
8B53/24/2015,8B5,3/24/15,4/8/15,13,22,0:06:44,0:06:44,0:00:00,0:00:00,0:30:11,0.223081171,0.223081171,0,0,1,1,7,0.142857143,0.142857143
8B53/27/2015,8B5,3/27/15,4/11/15,13,22,0:00:00,0:00:00,0:00:00,0:00:00,0:31:00,0,0,0,0,13,30,7,1.857142857,4.285714286
8B53/3/2015,8B5,3/3/15,3/18/15,10,22,0:02:19,0:00:00,0:02:19,0:02:19,0:30:25,0.076164384,0,0.076164384,0.076164384,3,6,7,0.428571429,0.857142857
8B53/30/2015,8B5,3/30/15,4/14/15,14,22,0:03:21,0:03:21,0:00:00,0:00:00,0:30:11,0.110988404,0.110988404,0,0,16,17,7,2.285714286,2.428571429
8B53/5/2015,8B5,3/5/15,3/20/15,10,22,0:14:38,0:12:51,0:01:47,0:14:38,1:02:07,0.235578213,0.206868795,0.028709418,0.235578213,13,16,12,1.083333333,1.333333333
8B53/9/2015,8B5,3/9/15,3/24/15,11,22,0:08:50,0:08:50,0:00:00,0:08:50,0:30:11,0.292655991,0.292655991,0,0.292655991,4,5,6,0.666666667,0.833333333
8B54/13/2015,8B5,4/13/15,4/28/15,16,22,0:19:00,0:18:00,0:01:00,0:19:00,1:00:06,0.316139767,0.299500832,0.016638935,0.316139767,17,28,14,1.214285714,2
8B54/14/2015,8B5,4/14/15,4/29/15,16,22,0:02:00,0:02:00,0:00:00,0:02:00,0:31:00,0.064516129,0.064516129,0,0.064516129,16,23,7,2.285714286,3.285714286
8B54/16/2015,8B5,4/16/15,5/1/15,16,22,0:00:00,0:00:00,0:00:00,0:00:00,0:22:28,0,0,0,0,1,2,5,0.2,0.4
8B54/2/2015,8B5,4/2/15,4/17/15,14,22,0:07:39,0:07:39,0:00:00,0:00:00,0:55:14,0.138503319,0.138503319,0,0,36,43,12,3,3.583333333
8B54/20/2015,8B5,4/20/15,5/5/15,17,22,0:00:22,0:00:22,0:00:00,0:00:00,0:30:29,0.012028431,0.012028431,0,0,4,6,7,0.571428571,0.857142857
8B54/21/2015,8B5,4/21/15,5/6/15,17,22,0:04:53,0:04:53,0:00:00,0:04:53,0:30:04,0.162416851,0.162416851,0,0.162416851,5,9,6,0.833333333,1.5
8B54/22/2015,8B5,4/22/15,5/7/15,17,22,0:08:42,0:08:42,0:00:00,0:00:00,0:30:10,0.28839779,0.28839779,0,0,10,10,7,1.428571429,1.428571429
8B54/23/2015,8B5,4/23/15,5/8/15,17,22,0:01:44,0:01:44,0:00:00,0:00:00,0:30:18,0.057205721,0.057205721,0,0,11,13,7,1.571428571,1.857142857
8B54/6/2015,8B5,4/6/15,4/21/15,15,22,0:09:24,0:09:24,0:00:00,0:04:18,1:00:38,0.155030236,0.155030236,0,0.070918087,8,13,14,0.571428571,0.928571429
8B54/8/2015,8B5,4/8/15,4/23/15,15,22,0:12:53,0:12:53,0:00:00,0:08:36,0:30:07,0.427780852,0.427780852,0,0.28555617,2,2,7,0.285714286,0.285714286
8B54/9/2015,8B5,4/9/15,4/24/15,15,22,0:00:00,0:00:00,0:00:00,0:00:00,0:30:18,0,0,0,0,10,11,7,1.428571429,1.571428571
8D61/15/2015,8D6,1/15/15,1/30/15,3,24,0:30:09,0:18:33,0:11:36,0:00:00,0:45:16,0.666053019,0.409793814,0.256259205,0,3,3,9,0.333333333,0.333333333
8D61/19/2015,8D6,1/19/15,2/3/15,4,24,0:00:00,0:00:00,0:00:00,0:00:00,0:38:04,0,0,0,0,0,2,8,0,0.25
8D61/20/2015,8D6,1/20/15,2/4/15,4,24,0:00:00,0:00:00,0:00:00,0:00:00,0:45:16,0,0,0,0,1,1,10,0.1,0.1
8D61/23/2015,8D6,1/23/15,2/7/15,4,24,0:00:00,0:00:00,0:00:00,0:00:00,0:30:17,0,0,0,0,0,2,7,0,0.285714286
8D61/26/2015,8D6,1/26/15,2/10/15,5,24,0:00:00,0:00:00,0:00:00,0:00:00,0:30:20,0,0,0,0,4,5,7,0.571428571,0.714285714
8D61/27/2015,8D6,1/27/15,2/11/15,5,24,0:13:38,0:13:38,0:00:00,0:00:00,1:00:11,0.226530047,0.226530047,0,0,3,17,14,0.214285714,1.214285714
8D61/30/2015,8D6,1/30/15,2/14/15,5,24,0:00:24,0:00:24,0:00:00,0:00:00,0:51:47,0.007724493,0.007724493,0,0,2,5,9,0.222222222,0.555555556
8D62/10/2015,8D6,2/10/15,2/25/15,7,24,0:00:00,0:00:00,0:00:00,0:00:00,0:47:04,0,0,0,0,8,9,10,0.8,0.9
8D62/16/2015,8D6,2/16/15,3/3/15,8,24,0:00:00,0:00:00,0:00:00,0:00:00,0:30:34,0,0,0,0,6,7,5,1.2,1.4
8D62/18/2015,8D6,2/18/15,3/5/15,8,24,0:00:00,0:00:00,0:00:00,0:00:00,0:30:09,0,0,0,0,3,5,7,0.428571429,0.714285714
8D62/19/2015,8D6,2/19/15,3/6/15,8,24,0:00:00,0:00:00,0:00:00,0:00:00,0:19:08,0,0,0,0,0,1,4,0,0.25
8D62/2/2015,8D6,2/2/15,2/17/15,6,24,0:00:00,0:00:00,0:00:00,0:00:00,0:30:26,0,0,0,0,2,2,7,0.285714286,0.285714286
8D62/25/2015,8D6,2/25/15,3/12/15,9,24,0:00:00,0:00:00,0:00:00,0:00:00,0:30:00,0,0,0,0,0,0,7,0,0
8D62/26/2015,8D6,2/26/15,3/13/15,9,24,0:06:57,0:06:30,0:00:27,0:02:27,1:00:19,0.1152252,0.107764576,0.007460624,0.040618956,4,6,14,0.285714286,0.428571429
8D62/27/2015,8D6,2/27/15,3/14/15,9,24,0:00:00,0:00:00,0:00:00,0:00:00,0:30:09,0,0,0,0,3,4,7,0.428571429,0.571428571
8D62/5/2015,8D6,2/5/15,2/20/15,6,24,0:00:00,0:00:00,0:00:00,0:00:00,1:00:04,0,0,0,0,0,6,14,0,0.428571429
8D63/10/2015,8D6,3/10/15,3/25/15,11,24,0:06:24,0:06:24,0:00:00,0:00:00,0:30:18,0.211221122,0.211221122,0,0,4,6,7,0.571428571,0.857142857
8D63/12/2015,8D6,3/12/15,3/27/15,11,24,0:00:00,0:00:00,0:00:00,0:00:00,0:30:16,0,0,0,0,13,13,6,2.166666667,2.166666667
8D63/16/2015,8D6,3/16/15,3/31/15,12,24,0:10:47,0:05:55,0:04:52,0:10:47,1:00:36,0.177942794,0.097634763,0.080308031,0.177942794,14,16,14,1,1.142857143
8D63/17/2015,8D6,3/17/15,4/1/15,12,24,0:00:00,0:00:00,0:00:00,0:00:00,0:30:29,0,0,0,0,6,6,7,0.857142857,0.857142857
8D63/19/2015,8D6,3/19/15,4/3/15,12,24,0:00:00,0:00:00,0:00:00,0:00:00,0:30:23,0,0,0,0,24,36,7,3.428571429,5.142857143
8D63/2/2015,8D6,3/2/15,3/17/15,10,24,0:00:09,0:00:09,0:00:00,0:00:00,1:00:43,0.002470491,0.002470491,0,0,1,5,13,0.076923077,0.384615385
8D63/24/2015,8D6,3/24/15,4/8/15,13,24,0:04:52,0:04:52,0:00:00,0:00:07,0:31:20,0.155319149,0.155319149,0,0.003723404,13,16,6,2.166666667,2.666666667
8D63/25/2015,8D6,3/25/15,4/9/15,13,24,0:05:52,0:05:52,0:00:00,0:00:00,0:30:01,0.195446974,0.195446974,0,0,3,5,7,0.428571429,0.714285714
8D63/26/2015,8D6,3/26/15,4/10/15,13,24,0:03:00,0:00:00,0:03:00,0:00:00,0:31:00,0.096774194,0,0.096774194,0,15,15,7,2.142857143,2.142857143
8D63/31/2015,8D6,3/31/15,4/15/15,14,24,0:11:58,0:11:58,0:00:00,0:00:00,0:30:05,0.397783934,0.397783934,0,0,1,3,7,0.142857143,0.428571429
8D63/4/2015,8D6,3/4/15,3/19/15,10,24,0:04:22,0:04:05,0:00:17,0:00:00,1:00:35,0.072077029,0.067400275,0.004676754,0,14,15,14,1,1.071428571
8D63/9/2015,8D6,3/9/15,3/24/15,11,24,0:00:00,0:00:00,0:00:00,0:00:00,1:00:37,0,0,0,0,17,21,14,1.214285714,1.5
8D64/1/2015,8D6,4/1/15,4/16/15,14,24,0:00:00,0:00:00,0:00:00,0:00:00,0:30:45,0,0,0,0,11,12,7,1.571428571,1.714285714
8D64/13/2015,8D6,4/13/15,4/28/15,16,24,0:00:07,0:00:07,0:00:00,0:00:07,0:30:08,0.003871681,0.003871681,0,0.003871681,6,6,7,0.857142857,0.857142857
8D64/14/2015,8D6,4/14/15,4/29/15,16,24,0:16:00,0:16:00,0:00:00,0:14:00,1:02:10,0.257372654,0.257372654,0,0.225201072,13,16,14,0.928571429,1.142857143
8D64/15/2015,8D6,4/15/15,4/30/15,16,24,0:00:00,0:00:00,0:00:00,0:00:00,0:31:00,0,0,0,0,10,17,7,1.428571429,2.428571429
8D64/2/2015,8D6,4/2/15,4/17/15,14,24,0:00:00,0:00:00,0:00:00,0:00:00,0:30:23,0,0,0,0,6,9,6,1,1.5
8D64/21/2015,8D6,4/21/15,5/6/15,17,24,0:04:33,0:00:23,0:04:10,0:00:00,1:01:01,0.07456979,0.006282436,0.068287353,0,30,39,13,2.307692308,3
8D64/22/2015,8D6,4/22/15,5/7/15,17,24,0:00:00,0:00:00,0:00:00,0:00:00,0:30:25,0,0,0,0,23,31,7,3.285714286,4.428571429
8D64/23/2015,8D6,4/23/15,5/8/15,17,24,0:00:00,0:00:00,0:00:00,0:00:00,0:31:59,0,0,0,0,2,4,7,0.285714286,0.571428571
8D64/3/2015,8D6,4/3/15,4/18/15,14,24,0:00:00,0:00:00,0:00:00,0:00:00,0:30:46,0,0,0,0,34,44,7,4.857142857,6.285714286
8D64/6/2015,8D6,4/6/15,4/21/15,15,24,0:00:00,0:00:00,0:00:00,0:00:00,0:30:24,0,0,0,0,6,6,7,0.857142857,0.857142857
8D64/7/2015,8D6,4/7/15,4/22/15,15,24,0:00:11,0:00:11,0:00:00,0:00:00,1:00:34,0.003026968,0.003026968,0,0,5,6,14,0.357142857,0.428571429
8D64/8/2015,8D6,4/8/15,4/23/15,15,24,0:00:00,0:00:00,0:00:00,0:00:00,0:30:17,0,0,0,0,15,21,7,2.142857143,3
9F92/25/2015,9F9,2/25/15,3/12/15,9,21,0:00:00,0:00:00,0:00:00,0:00:00,1:01:05,0,0,0,0,16,18,14,1.142857143,1.285714286
9F92/26/2015,9F9,2/26/15,3/13/15,9,21,0:02:00,0:01:00,0:01:00,0:02:00,0:31:00,0.064516129,0.032258065,0.032258065,0.064516129,6,12,7,0.857142857,1.714285714
9F92/27/2015,9F9,2/27/15,3/14/15,9,21,0:00:00,0:00:00,0:00:00,0:00:00,0:30:07,0,0,0,0,6,6,7,0.857142857,0.857142857
9F93/10/2015,9F9,3/10/15,3/25/15,11,21,0:00:00,0:00:00,0:00:00,0:00:00,0:30:32,0,0,0,0,10,17,7,1.428571429,2.428571429
9F93/11/2015,9F9,3/11/15,3/26/15,11,21,0:00:00,0:00:00,0:00:00,0:00:00,1:01:06,0,0,0,0,21,24,14,1.5,1.714285714
9F93/16/2015,9F9,3/16/15,3/31/15,12,21,0:28:20,0:08:54,0:19:26,0:28:12,1:00:47,0.466136551,0.146421716,0.319714834,0.463942967,16,25,14,1.142857143,1.785714286
9F93/17/2015,9F9,3/17/15,4/1/15,12,21,0:11:08,0:00:26,0:10:42,0:11:08,1:06:27,0.16754452,0.006521194,0.161023326,0.16754452,19,23,14,1.357142857,1.642857143
9F93/2/2015,9F9,3/2/15,3/17/15,10,21,0:09:40,0:09:15,0:00:25,0:09:40,0:32:17,0.299432112,0.286525555,0.012906557,0.299432112,13,17,7,1.857142857,2.428571429
9F93/23/2015,9F9,3/23/15,4/7/15,13,21,0:00:00,0:00:00,0:00:00,0:00:00,0:30:28,0,0,0,0,13,18,7,1.857142857,2.571428571
9F93/26/2015,9F9,3/26/15,4/10/15,13,21,0:00:00,0:00:00,0:00:00,0:00:00,0:31:00,0,0,0,0,18,25,7,2.571428571,3.571428571
9F93/3/2015,9F9,3/3/15,3/18/15,10,21,0:06:41,0:00:22,0:06:19,0:06:41,1:00:45,0.110013717,0.006035665,0.103978052,0.110013717,27,35,14,1.928571429,2.5
9F93/6/2015,9F9,3/6/15,3/21/15,10,21,0:00:00,0:00:00,0:00:00,0:00:00,0:34:00,0,0,0,0,12,19,7,1.714285714,2.714285714
9F93/9/2015,9F9,3/9/15,3/24/15,11,21,0:00:00,0:00:00,0:00:00,0:00:00,0:30:17,0,0,0,0,5,5,7,0.714285714,0.714285714
9F94/1/2015,9F9,4/1/15,4/16/15,14,21,0:00:00,0:00:00,0:00:00,0:00:00,1:00:35,0,0,0,0,19,20,13,1.461538462,1.538461538
9F94/13/2015,9F9,4/13/15,4/28/15,16,21,0:00:00,0:00:00,0:00:00,0:00:00,1:01:52,0,0,0,0,20,28,14,1.428571429,2
9F94/15/2015,9F9,4/15/15,4/30/15,16,21,0:08:00,0:00:00,0:08:00,0:08:00,1:01:20,0.130434783,0,0.130434783,0.130434783,33,41,14,2.357142857,2.928571429
9F94/2/2015,9F9,4/2/15,4/17/15,14,21,0:00:00,0:00:00,0:00:00,0:00:00,0:30:09,0,0,0,0,0,0,7,0,0
9F94/20/2015,9F9,4/20/15,5/5/15,17,21,0:00:00,0:00:00,0:00:00,0:00:00,0:30:11,0,0,0,0,2,3,7,0.285714286,0.428571429
9F94/21/2015,9F9,4/21/15,5/6/15,17,21,0:00:00,0:00:00,0:00:00,0:00:00,0:30:47,0,0,0,0,0,3,7,0,0.428571429
9F94/22/2015,9F9,4/22/15,5/7/15,17,21,0:00:00,0:00:00,0:00:00,0:00:00,0:30:28,0,0,0,0,5,7,7,0.714285714,1
9F94/25/2015,9F9,4/25/15,5/10/15,17,21,0:00:00,0:00:00,0:00:00,0:00:00,0:30:08,0,0,0,0,3,6,7,0.428571429,0.857142857
9F94/3/2015,9F9,4/3/15,4/18/15,14,21,0:00:00,0:00:00,0:00:00,0:00:00,0:30:16,0,0,0,0,10,11,7,1.428571429,1.571428571
9F94/6/2015,9F9,4/6/15,4/21/15,15,21,0:00:00,0:00:00,0:00:00,0:00:00,0:30:04,0,0,0,0,6,6,7,0.857142857,0.857142857
9F94/7/2015,9F9,4/7/15,4/22/15,15,21,0:00:00,0:00:00,0:00:00,0:00:00,0:30:26,0,0,0,0,13,20,6,2.166666667,3.333333333
9F94/8/2015,9F9,4/8/15,4/23/15,15,21,0:00:00,0:00:00,0:00:00,0:00:00,0:29:59,0,0,0,0,1,1,6,0.166666667,0.166666667
9F94/9/2015,9F9,4/9/15,4/24/15,15,21,0:00:00,0:00:00,0:00:00,0:00:00,0:30:34,0,0,0,0,17,25,7,2.428571429,3.571428571